Author,Comment,Label
@Quasar32,엠생인생 사는 서준아ㅋㅋㅋ평일 내내 그러고 다녀보니 어때 기분이 좀 나아졌어 주말에도 기대할게,1
@user-rq3zn4rh2w,냉정하게 요목조목 두쪽다 들어봤으니  결과 를 기다리면된다 편 가르기식으로 감정적으로 치우쳐봤자 결국엔 기다리면 누가 나쁜인간인지 알수 있다,0
@kenshiina3029,나 국민인데강대표는 국민한테 미안해할 필요없다 다만 이번 소란과 관련해 도의적인 책임을 통감하는 정도의 자세는 필요하다 본다,0
@user-vb6eb2cy8n,국민앞에 나와서 피해자 한테 머리 숙여 사죄하고 국민앞에서 벌을 받고 다시는 국민 눈에 띄지 말어라,1
@user-oi1py5zw1u,직원들은 인간이니까말할주둥아리가있던지말던지그리고아줌마말좀 그만하세요  다나와요레오가은혜를  원수로갚은게아나라결국 원수를 원수로갚았았으니너무 억울해 하지  마세요부인이라는너무,1
@Quasar32,한서준의 행보금요일 오후 1시부터 새벽 2시 45분까지 강형욱을 혐오하는 중ㅋㅋㅋ,1
@Sj-ne9ue,응원합니다,0
@kenshiina3029,못되어 먹은 폭로 문화 그리고 여론 몰이 문화 때문에 지난날 위컴 사령관으로부터 들쥐떼라는 지적을 받았던 것이다  단 하루라도 사람답게 살아가자,1
@jacobj8868,힘내세요 형욱이형 저도 힘든 법정 싸움을 하고 있지만 다음 피해자가 없어야 하기에 끝까지 싸우려고 합니다 화이팅입니다,0
@user-vb6eb2cy8n,강형욱이 인간의 가면을 벗어보니 악마가 있엇구나 ㅋㅋㅋ 지금이라도 알게되서 다행이지 뭐 ㅋㅋㅋ 고발자들 진짜 고맙다 레알,1
@kenshiina3029,성실히 살아가기 보다는 잔꾀나 요령으로 혹은 고자질로 세상을 쉽게 살아가려는 악풍이 결국 부정선거의 관행화를 불러왓다 본다 입법 사법 행정을 비롯 모든 분야가 대동소이하게 부패 타락해 있다 특정 정치인들의 탓도 아니며 특정 집단의 탓도 아니다  우리사회 구성원 모두에게 그 책임이 있다 그 연대책임에서 자유로울 수 있는 국민은 단 한사람도 없다 생각한다,0
@user-qo5rl8ci5l,힘내세요,0
@kenshiina3029,여론의 흐름은 절대적으로 강대표와 수잔 엘더 이사에게 힘을 실어주고 있다  언론은  엿이나 먹어라,1
@user-np8bn1qs2q,응원합니다,0
@user-vf7ns9it1e,진짜 요즘 신고하면 다 되는 세상인줄 알고 저렇게까지 직원들이 대표를 무시하는 행동이라고 생각함 진짜 못됐다 다들,0
@__-gx1qj,정말 죄송합니다 이번 일로 큰 충격을 받았습니다 언론에서도 크게 보도하고 내용도 구체적이고 거기다 평소에 크게 관심이 없었던 분야라 영상도 많이 안봤었어서 너무 쉽게 논란을 믿었던 거 같습니다 누구하나 담그기 쉬운 나라 시대에 살고 있음에도 한번의 의심도 안했네요 이번일로 중립을 지키기 위해 힌번 더 생각을 해볼 수 있는 계기가 된 것 같습니다 고맙고 죄송합니다 강형욱님,0
@kenshiina3029,사찰이라는터무니 없는 모함으로 구도를 그려가는데 업무용 메신져를 이용하여 의도적  지속적인 불법 관리였느냐가 관건이라 할 때 그것이 아니라는 것 역시 수잔 엘더 이사가 납득 가능한 내용 네이버 웍스 이용시점과 네이버 웍스 메신져 관련 공지 등 으로 밝혔다  이것은 사회적인 물의는 커녕 회사내에서도 물의가 될 수 없는 부분이다,0
@leewonil71,강대표님힘내십시오같은 오너로서 충분히 이해되는 일들입니다저는  100대도 넘게 달아놓고 있습니다아무도 뭐라고 하는 직원이 없습니다그냥 게으른 직원들이 나가서 뒤통수 치는거니까똥 잘못밟았다 생각하고 차분히 잘 대응해서 꼭 이겨주기 바랍니다항상 응원하겠습니다정 안되겠다싶으면 그냥 한국을 버리고 해외로 나가서 지금까지 벌어놓은 돈을 가지고 편하게 사는게 더 나을듯 합니다 꼭 화이팅입니다,0
@user-oq5ob5yb1j,전 강훈련사님 지금처럼 유명해지기 전 약 12년전에 저희 반려견들 방문훈련 받느라 뵈었는데요  훈련사님 만나기 전과 후의 반려견을 바라보는 시각과 교육에 대한 제 생각은 엄청나게 바뀌었어요  그때도 무료로 공원에서 반려견 산책 훈련 교육실습도 하시면서 반려견 문화를 바꾸려고 엄청 노력하셨던게 기억나네요  지금 너무 힘든 시간을 보내고 계실텐데 부디 잘 해결되길 바랍니다,0
@user-br3th5cg3u,강형욱 훈련사님의 논란이 있는 정도만 인지 하고 있었는데  강형욱 훈련사님을 항상 롤모델로 삼아왔고 어떤 분인지 잘 알기에 어떤 논란이던 그다지 신뢰가 가지 않았고 잘 헤쳐나가실 거라고 믿고 있었습니다 일부 이상한 사회인들 때문에 힘들어 하시지 마시고 좋아하시고 하고싶어하시는 일 계속 해주셨으면 좋겠습니다 항상 응원하겠습니다,0
@user-hr2hq1kn2l,좋은훈련사로 강형욱 훈련사님 늘 남아주세요기업경영은 다른문제인것 같아요 정말 애많이쓰셨어요  기운내십시요,0
@user-nh4nj5ko8s,강형욱님 분명히 뭔가 오해가 있을 거라 생각했고  그러길 바랬습니다 그리고 해명을 듣고나니 안심이 됩니다 이번 일로 상처 많이 받으셨을테고 억울한 부분도 많으실텐데 무너지지 마시고 꼭 회복하셔서 방송에서 다시 볼 수 있길 바래요 진심으로 응원합니다,0
@user-dr1kn2fn9s,힘내세요,0
@user-zk8nl1hc9v,이형 군대 선임들말로는 군인들이랑 놀아도 주고 미담많았는데,0
@kenshiina3029,이번 소란의 주범은 누가 뭐라해도 언론 언론이다,0
@kenshiina3029,네이버 웍스는 본질적으로 업무용 도구다 이런 업무용 도구를 가지고 한가롭게 대표와 그의 가족 뒷다마를 깐다는 건  상식이하의 대범한 행동이였다,0
@kwboy2022,강형욱 쟈샇했으면 좋겠다 빨리 듸져라 형욱아,1
@user-dr5lw3gp8e,난 하나도 잘못 한 거 없다는 것도 아니고 좋은 대표는 아니었고 직접 만나 사과도 하고 벌 받을 건 받겠다 하는 사람인데 전 직원들이 개인적으로 만나서 해결하면 되는 거 아닌가 언제까지 언론으로 사람 물어뜯을 거냐,0
@user-wt6vj4jx7l,유명한 악질 변호사가 피냄새 맡고 자기 커리어를 하나 더 쌓을려고 그 직원 변호사로 자처했어요,1
@aromaing6226,논리 시시비비 따져서 맞을지 모르지만 좀더 현명하게 대처하였다면 그리고 대처를 한다면 더 좋을 것 같네요 이성만 앞세우고 감성을 베제하면 관리자로서는 애로사항에 반드시 부딪힙니다 그리고 직원들은 사장님 윗상사 맨날 욕한다고 보시고 관리하셔야해요 너그럽게 본건 못본척 대수롭지 않은건 그냥 넘어가야해요 원칙 규정 규칙을 너무 앞세우는 듯한 의식을 두분이 가지고 계시네요,0
@julieoh1852,응원합니다 많이 힘들어하시지 않으셨으면 좋겠습니다,0
@user-ov4hg2us8u,이제 한 ㄴ는 뽑지 마세요  나거한 입니다,1
@sungkim-kh5ls,무고한 유명인을 사회매장하려 했던 직원들도 신상공개하고 언론에 나타나라명예훼손과 아동복지법위반과 통신매체이용음란죄했던 전 직원 신상 공개하라,1
@kenshiina3029,생기다만 여자애 하나가 유튜버랍시고 강대표 까고 있는데유튜브라는 공간이 점점 무능한 사람들로 가득해 지고 있다  온갖 들이 육갑하는 장소로 바뀐거다,1
@user-jz3jv5hi8y,실제로 업주들이 시시티비 자주 보긴하는데 ㅋㅋㅋ이사람들이 유명해져서 이런게 논란이 되는거지중소기업만 봐도 시시티비로 뭐하는지 다봄 심지어 화질도 좋음,0
@user-dq3kx3uh6s,저는 훈련사님 믿습니다,0
@user-dt7oi5ss6g,인생에 연예인이 전부인 한국 아줌마들 울고불고 난리났다  ㅋㅋㅋㅋㅋㅋㅋㅋㅋㅋㅋㅋ,1
@user-dt7oi5ss6g,인생에 연예인이 전부인 한국 아줌마들 화났다 ㅋㅋㅋㅋㅋㅋㅋㅋㅋㅋㅋㅋ,1
@kyoungahpark9690,힘내세요 실수 했다면 고치면 되는거예요 전 강형욱님 응원합니다,0
@user-qy1ul5cx3w,강형욱님의 신념을 믿습니다모난말들 하는 사람들이 있습니다그분들은 어디를 가더라도 똑같이 행동 할겁니다힘내시고 받은 상처들이 하루 빨리아물기를 바랍니다,0
@user-jd3ksIkk8s,열등감덩어리 한서준김알리오2355인신공격 악플 여러개로 함 전효성 채널에서도 인신공격 달았다 삭제하더니 여기서도 저러네   왜저래,1
@BrickCreator,레오 고발장 ㅋㅋㅋㅋㅋㅋㅋㅈ됬누,1
@cotl-dy9tr,난 처음부터 형욱님 믿었음,0
@user-my8rk4ny7c,이제 그냥 그성별 뽑지 마시죸ㅋㅋㅋㅋㅋ숨겨놓은 지뢴데 위험부담할 필요 있음,1
@user-ui3kr5eg5g,대본짜서 연기연습해서 만든영상인데도 불구하고 마누라는 사나워 보이고 남편은 거짓말하는게 느껴지네요,1
@ueckbueck,한남 소추 살다살다 듣도보도 못한 욕으로 같은 직장동료며 상사며 조롱한건 그 직원들 바닥인성 보여주는건데 거기다가 자기들 잘못한건 쏘옥 빼고 유명하니까 너 끌어내리겠다식 너무 악의적인 제보다른건 다 이해가 가는데 는 감시용이 아니더라도 상사가 목뒤에서 입김부는 거랑 똑같은데 그건 좀 강대표님이,1
@funfun_909,직원이 그냥 개노답임 걍 니들도 얼굴까고 나와서 반박해,1
@NyongGeng,한서준김알리오2355강형욱 싫어하면서 며칠동안 여기에 꾸역꾸역 들의와서 악플과 인신공격 썼다 지웠다하면서 반복중 진짜 추잡하고 유약함,1
@ALEA-nt3jx,영상 다 보고나니 지극히 개인적으로가족회사라서또 훈련사이지 사업가가 아니라서소통에 미숙하고사업에 미숙하셨다고 생각함다가족회사이기때매더 조심히 존중하면서 대화해도솔직한 소통이 될까말까예요툭 까놓고 이야기해서언제까지 일 하고 싶으시냐는 질문도솔직하게 기다 아니다 대답하기 어렵죠중간에 이사라는 분도 대표님과 가족이니중간에 관리자가 있었더라면소통에 훨씬 유익하고 서로서로 더 이해할 수 있었다 봅니다 결국은 가족사업의 미숙이라 생각합니다 전 강쌤의 팬,0
@funfun_909,는 뉴스냐 렉카냐,1
@user-puppydoingquiz,존나 슬프네,1
@funfun_909,제일 역겨운건 이때다 싶어서 나온 렉카들,1
@user-ui3kr5eg5g,유니폼 안입고있다고해서 태클거는것만봐도 얼마나 깐깐한지 알수있음 저런 깐깐한 부부가  감시안했을것 같냐 더 철저하면 철저했지,1
@user-yt6iw1de9y,아니근데 는 감시한게 맞다고 해도 그게 뭐가 문제지 내가 운영하는곳인데 볼수있는거 아님 화장실도아니고 뭔,0
@user-iu7eo9de6f,못움직이게했던사람이 레오이리와,1
@user-jd3ksIkk8s,열등감덩어리 한서준 ㅋㅋㅋㅋ강형욱 싫다면서 꾸역꾸역 여기 들어와서 악플로 도배함 ㅋㅋㅋㅋㅋ,1
@user-hv6ld3vh7b,강형욱 훈련사님 늘 항상 응원합니다 저는 현재 비반려인이지만 강아지를 좋아하여 개는훌륭하다라는 프로그램을 1회부터 챙겨보고있고 유기견이 많다는것 알고는 있었지만 이렇게나 많을꺼라곤 상상도 못했고 도움이 필요한 아이들이 많다는걸 알게되어 유기견 봉사 계획도 세우게 되었습니다 강아지 반려문화에 앞장서서 이끌어주시는 강형욱 훈련사님 존경하고 응원합니다 현재 어려운 상황 하루빨리 훌훌털고 일어나시길 바래요,0
@user-vt4nt2qc7w,영상보니까 2016  2017년도 사건인데 그게 언제야 7년전이네 ㅋㅋㅋ 징하다 진짜 이래서 사람보는 눈이 중요합니다 ㅋㅋ 직원이 그만두고 환불이 많이 일어나니까 게다가 30일에 그만두면 계산처리하게 빠른데 중간에 15일로 그만뒀으니 환불처리한 금액 제외하고 날짜 계산하고 등등등 계산이 복잡해지니 그거 직원에게 연락해서 서로간에 계산 끝내면 되는데 전화도 안받고 그냥 다이렉트로 노동청에 신고해버림 ㅋㅋㅋㅋㅋㅋㅋㅋㅋㅋㅋㅋㅋㅋㅋㅋ아니 신고하기 전에라도 같이 계산해볼 수 있잖아암튼 골치아프다 ㅋㅋㅋ 서로 같이 계산하기는 힘들고 노동청신고를 빠르고 ㅋㅋㅋ 결국 600만원 넘게 받았으면 대충 퉁치고 넘어갈 법한데 ㅋㅋㅋ그건 7년이 넘도록 마음에 담아주고 복수를 ㅋㅋㅋㅋ아이고나 이래서 공주님들 모시기 힘들어 ㅋㅋㅋ,1
@terrarosa7,오늘 부러 구독 하고 좋아요 누르고 갑니다 앞으로도 좋은일 많이 하시고 돈 많이버세요,0
@user-mh5ih2st3v,업무적인걸  올려야할곳에 대표욕을 쓰고 자식욕도 쓰고   법적대응 하셨음 좋겠습니다 지잘못은 모르고 대표묙이나 하고 자빠진 주제에 그걸로 인해 맘에 안든다고 마녀사장 하는자체가 글렀다 너는 회사 생활 하지마라  강형욱님 응원합니다,1
@user-cj4vt7yl1s,그냥 강아지만 아는 훈련사 분이라서 회사 시스템 이런거에 좀 미숙해서 실수 몇개 한거갖고 과대해석 한거랑 허위사실 섞여서 만들어진 논란 같네요,0
@TV-lt6po,가 뭐가 문제되는거지 자기가 맡은일 제대로하면 문제될꺼없지  있는게 무슨 문제생기거나 논쟁이 있어을때 증거도되고  반박할 의미도없는것같네 해명내용보니 참 이게 비난받을 일이냐 세명고소세요 메신저 보신거 법적처벌받아야되는거면 받으시더라도 받고 고소하세요,1
@user-um6ks5ji1j,근데 레오 바닥에 뭐라도 깔아놔주지,1
@user-vt4nt2qc7w,가 감시용 ㅋㅋ이라서 기분나빴다 ㅋㅋㅋ 그럼 저 회사에 일반 고객들 회사에 오는 타회사 직원들 등등등별 별 사람들 다 오고가는 공동 사무실에도 가 있으면 일반 고객도 감시당하는 입장인가 회사 거래처 직원도 막 감시당하나  없는데가 어딨어요 그 좋아하는 피자먹으러 피자집에 가도  있어요 ㅋㅋㅋ 그럼 얼마나 많이 먹나 쳐다볼까 ㅋㅋㅋ미친소리를 하고 자빠지시는 ㅋㅋㅋㅋㅋㅋ편의점을 가도 있고 길거리에도 있고 세상 그냥 아무대나 어딜가도 깔린게 인데온 세상이 트루먼쇼냐 ㅋㅋ 온 세상이 나혼자산다 리얼리티 찍고 자빠짐 ㅋㅋ 개소리도 작작 좀 ㅋㅋ,1
@user-uo7tt7wc9e,삼자대면 ㄱㄱ  안나오겠지 ㅋㅋㅋㅋㅋ,1
@user-nx7jr6yg8b,훈련사님 눈물보니 맘이아프네요보듬 없어지나요 다시 열어주세요 사실은 진실은 밝혀질겁니다,0
@paintedmoon8449,개를 쉬이 감정없이 안락사 시키고 이런 사람은 개훈련 자체를 못해요 동물훈련은 말그대로 식스센스가 있어야 가능한 분야입니다  개를 그냥 단지 미물 취급했다면 강형욱은 개통령이 될수도 없었고  그냥 시골 개장수 정도가 되었겠죠 다른 논란은 몰라도 개를 사랑한다는건 진심이라고 봅니다 반면  사상이 이상한 직원은 쓰레기로 볼수도 있겠지만 그건 누구라도 충분히 가능한 감정이에요 직장인이라면 집에와서 누군가와 하소연할때 마음에 안드는 직원얘기 다들 하잖아요  강형욱 처럼 훈련사 위치고 원칙주의자 입장에선 더하면 더했지 이정도는 이해해야 한다고 봅니다 오히려 개들한테는 원칙을 지키면서 사람들한테는 정치적이고 유연하다면 인간성에 의심이 더 갔겠네요 누구든 직업병이란게 있습니다,0
@user-jx3mp9ne2g,정말  안타까워요이런사람아닌건  아니것 같아요 인성이  느켜져요힘내세여,0
@user-nq4kt7jr5v,반려견 훈련사인 강형욱 보듬컴퍼니 대표와 아내 수잔 엘더 이사의 직장 내 괴롭힘 의혹에 대한 해명 영상에 전 직원들은 더 분노한 것으로 알려졌다사실대로 얘기하지 없는 얘기 다하고  아기 욕 한적 없다는데핑ㄱㄴ는쯔쯔  그러면 안되   가  직원 감시용으로 사용 요것 조 논란이 잇겟다 감사용인지 직원만 감시용인지,1
@victory-a2067,직원 인성 테스트가 필요합니다특히 어린 아이를 두고 비아냥거리면 저라면  가만 인있습니다이미 인성이 바닥인 짧은 세치혀로 무슨말을 못하랴너무 힘들어 마세요 그런 모습을 보고싶어하는 인간들입니다차분하게 대처하시고 힘내세요,1
@user-vt4nt2qc7w,저번에 영상 1번 쭈욱  보고 오늘 다시 봤는데요 힘내세요  그런 직원이 있으면 보듬이 아니라 보자기회사를 다녀도 불만이 없었을까요이게 직원입장과 사장이 서로 다른데  직원을 막  무슨 말을 해도 같은 직원들끼리 동질감동료의식으로 서로 공감하지만 사장이 무슨말을 조금이라도 잘못말하면 이제 서운하다섭섭하다회사 갑질 당했다  고 하겠죠그러니 반대로 을의 갑질로 복수도 하는 걸텐데 니가 날 기분나쁘게 했어 가만 안둬 ㅋㅋ 이런거ㅋㅋ다른 사람들은 대충 넘어가는데 말 몇 마디에 7년을 한이 맺히고 복수할 기회가 되면 복수하고 등등등 근무태도 지적받는건 어느 회사를 가도 다 있어요저 직원은 여자라서 차별받았다고 하지말고 다른 회사 많이 다녀보세요 없고 사장이 맨날 좋은 말만 해주고 ㅋㅋ 직원대접 공쥬왕자대접해주고 다른 회사 많이 다녀보라니까요 다른 회사는 어떤지,1
@user-ge4ke9du2y,하나하나 막힘없이 말씀하시고 더군다나 아들욕절대못참지요 맘 아프네  하힘내세요,0
@soobinkim4490,근대 정말 궁금해서 그러는데 혹시 이런 문제를 제시한 직원분들 이외 그렇지 않았다 옹호해주는 의견을 제시한 직원은 한명도 없었나요,1
@user-kf9su6dd8v,몇일째 계속 댓글을 쓰지만 힘내시란 말밖에 해드릴수가 없네요  시간이 약인듯 해요,0
@paintedmoon8449,예수를 못박은 놈들도 군중들이었고 예수를 칭송하는 놈들도 군중들이지 ㅋㅋㅋㅋㅋㅋㅋㅋ   참 재밌어 당장 날 키워준 부모님도 완벽한 사람이 아니야 인간은 누구나  가 있지 누구한명 나랑 궁합 잘 안맞는 사람 밥줄 끊으려고 궁리하는 시간에 니들 자기개발이나 했으면 좋겠다 제발,1
@user-gw9rw5gz9x,개훌륭 다시 해주세요,0
@user-gw9rw5gz9x,힘내세요,0
@user-mr3dl5ry2h,ㅋㅋㅋㅋㅋㅋㅋㅋㅋㅋㅋㅋㅋㅋ,1
@user-mr3dl5ry2h,ㅋㅋㅋㅋㅋㅋㅋㅋㅋㅋㅋㅋㅋㅋ,1
@paintedmoon8449,강형욱이 동네 슈퍼 사장이었다면 이런 불만도 제기 못했을 그리고 그럴 가치도 못느꼈을 비겁자들이 그사람의 유명세를 깍아 내리고자 대중 여론 언론을 호도 하고 있다는게 참  정의로운척 하고 싶겠지만 인간에겐 어느 누구든 사람보는 눈이있고 내가 볼땐 강형욱이 니들이 얘기하는  수준의 비겁자고 쓰레기 같지는 않아 보인다 그냥 화도 내고 불만도 있는 일반 인임 이름이 알려진 공인 이라고 해서 성직자 처럼 청렴하고  흠결 한점 없어야 하는건 아니야 좀 적당히 해라,1
@user-ll5jl8gb6f,내일만잘하면 대고  시시비비따지면 그런사람은뽑지마라야하고  지가사장하지왜  지적질인지  그놈이 문제였네,1
@kenshiina3029,소위 유튜버라는 애들도 그렇다 컨텐츠를 너무나 성의없이 생산한다 떠도는 루머나 확인되지 않은 저급한 정보들로 생산된 컨텐츠가 대부분이다 정보로써 가치가 거의 없다 후하게 점수를 준다해도 잡담의 수준을 넘지 못한다 유튜브 라는 소통 공간이 이런 저질 컨텐츠로 홍수를 이루고 있다는 게 안타까운 현실이다,1
@user-vr2hc7dv9n,사람이 어떻게 완벽할수가 있나요사람들의 부정 그런걸로 유명한 사람의 질타 저격 언론의 압박 이게 현실이지만늦었지만 이런 영상 잘보았습니다다시 말하지만 사람은 완벽할수는 없습니다유명하다고 이런건 옳지 않다고 봅니다,0
@user-zc5us3zc3v,진실은 외면하지 않아요강대표부부님 지금은 몸과맘이 힘들시겠지만시간이 지나면 상처와아픔도 바람처럼 지나갈껴에요이번 사건으로 인해서비방억측허위폭로악플등 범죄라는거무서운거라는거 깨닫게 해줘야 됩니다,0
@Dainoseul,힘내시고 당당하게 밝혀서 다시 밝은 모습으로 대중에 나와주세요,0
@NyongGeng,업무시간에 여성시대 못하니 사장 가족 욕하고 로 감시한다고 날조함 ㅋㅋㅋㅋㅋ,1
@user-jd3ksIkk8s,인품도 좋고 현명한 강형욱님 응원합니다,0
@user-vb6eb2cy8n,잘못한것이 있으면 사과를 하고 그에 합당한 벌을 받으라는 가르침도 부모한테 못 배우고 자랐냐 형욱아 ㅋㅋㅋ 누가 배운거 없는 개장수 아들 아니랄까봐 ㅉㅉㅉ 지금이라도 배웠으면 피해자들한테 사죄하고 합당한 벌을 받고 다시는 티비에 얼굴 비추지 말어라,1
@user-gf4jm7sz9j,힘내세요인간같이 안은 인간은 신경쓰지마세요,0
@user-yq8ly6ot6g,강형욱 훈련사님   응원합니다 화이팅입니다,0
@jinwoolee5860,요즘   직원 잘 뽑아야합니다  맘 고생이 심하시겠내요  힘내세요 화이팅,0
@kenshiina3029,맛있는 사료 한번 준적 없는 것들이 레오 레오 거리는 꼴이란그렇게 개를 끔찍히 생각하는 사람들이 여름휴가철이면 여기 저기 개를 버리고 다니나  2022년 한해 동안 발생한 유기견이 자그마치 113  440 마리나 된다,1
@user-gf4jm7sz9j,다 필요없고 저는 강형욱님 믿어요,0
@user-vb6eb2cy8n,일본이 자신들 잘못 안했다고 발뺌하고 변명하는거 너한테 좀 배워야 할꺼같다 형욱아 ㅋㅋㅋㅋㅋㅋ,1
@user-vy2pb9ze1t,개 밖에서 안락사시킨 수의사 고소당함,1
@user-ky6uu6es9b,태어난지 1년도 안된 아기 상대로 인격모독 한 직원들 ㄷㄷ사상이 문제긴한듯,1
@user-yn8xh6qf8p,개 안락사 시켜놓고 말이 많네,1
@jinwoolee5860,응원합니다,0
@kenshiina3029,그나저나 국민 여러분께 당부의 한말씀 올립니다 개는 밖에서 키웁시다 밖에다 개집을 마련해줄 능력이 안된다면 개를 키워서는 안됩니다 개나 자동차나 똑같은 이치입니다,0
@user-zr4cq3xd6h,진실된 모습에 더 안타깝습니다여러 사람들이 있죠 힘이 되는 사람도 있지만 아닌 사람도 있네요힘이 되는 사람들이 주변에 많으시길 바랍니다 힘내세요,0
@kenshiina3029,자칭 피해자라는 사람들 10명이 아니라 1000명이 되더라도 사회적 물의를 일으킬만한 수준에 이르는 사안이 아니라고 말귀 못 알아듣나,1
@user-ot8dm9re8q,그래서 사업 하기 힘들구나 느꼈네요사업 하면 거의 대표는 욕받이로 받게되죠레오를 간호하느라 돌봐주느라 고생 많으셨습니다 레오가 강훈련사 님 마음을 잘 알꺼예요얼마나 그 마음 착잡했을지 얼마나 슬펐을지 저도 예전에 이뿐 강쥐 한마리 안락사로 보낸 견주입니다 지금은 유기견 출신인 이뿐 푸들 믹스 한마리 사랑이를 키우고 있어요하여튼 힘내시고 응원 할께요,0
@sungkim-kh5ls,말과 글은 그 사람의 얼굴을 나타낸다는 말이 있죠 이 영상과 댓글을 보니 정말이라는 생각이 듭니다선한 사람은 부드럽고 매력적이죠,0
@user-nl5jk8tp7o,응원합니다,0
@NyongGeng,혼자서 발악하며  인신공격으로 도배하는  머저리가 있네 불쌍하다 불쌍해 본인 인생을 구제하는건 본인밖에 못하는데 그것도 못함,1
@user-dngmd,음주운전 김호중 폭언 강형욱은 욕하지만 음주운전 전과자이며 형수한테 폭언한 녹취록 공개된 이재명 지지하는 여시노괴면 개추ㅋㅋ,1
@user-vb6eb2cy8n,니들끼리 니들이 집에서 부부끼리 말 맞추고 녹화한 저 영상을 국민이 믿을꺼라 생각했니 형욱아 저기서 니들이 하는말을 국민이 믿을꺼라 생각했니 형욱아 ㅋ 국민이 빙다리 핫바지로 보이니 형욱아,1
@user-vb6eb2cy8n,국민이 저 편집된 영상 연출된 영상 부부 끼리 말 맞춘 녹화 영상에서 니들이 하는말을 믿을꺼라 생각했냐 ㅋㅋ 국민이 빙다리 핫바지로 보였니 형욱아 ㅋㅋㅋㅋㅋ,1
@user-sb6in4es8n,1 현대차 여직원 한명이 매일같이 외근을 지나치게 자주 나감2 하도 외근이 잦아서 현대차에서 사람 써서 추적3 추적 결과 해당 여직원은 외근쓰고 집에서 하루에 3시간 이상 있다가 다시 회사로 감 이짓을 몇달째 반복4 현대차도 언제까지 저러나 보자며 차 안에서 계속 촬영5 촬영한 영상을 근거로 여직원 해고 통보6 여직원 부당해고 및 불법 촬영이라며 소송7 보통 몰래 촬영한 영상은 증거가 되기 어려운데 이례적으로 영상을 증거로 채택해줌 여직원 해고현대차 노조 명백한 감시 사찰이라며 대자보 붙이고 반발,1
@Assui148,근데 아들방패는 진짜 추하다ㅉㅉ본질흐리지 마라 ㅋㅋ,1
@user-zn8sm3sq4x,참 마녀사냥 당한듯 하다  언론이 문제야,0
@Assui148,젠더이슈로 물타기  아들방패  즙짜기 ㅋㅋㅋ크 지려버렸다 갑자기 눈물각잡다가 그들이크흐흐흨이러면서 있는즙 없는즙 짜버리네 ㅋㅋㅋㅋㅋㅋ,1
@sunny502478,변명뿐인 이 영상이 뭐가 이해간다는거지 ㅋㅋㅋ9670원이 이해가 간다고 댓글 작업좀 그만하소,1
@the_sky__,직원들 참바보네 회사메신저로 그런사담을 ㅋㅋㅋ,1
@user-jy8hn5cf9x,피부가 손목시계 부분빼고 다타있어요 강아지 훈련하신다고  진심으로 응원합니다 마지막에 자신이 아니라 지금까지 함께 했던  훌륭한 훈련사님과 직원들을 지키기위해서  또 보듬에서 일했었던 이야기를 못하게 될까봐 제일 걱정이 된다는  말에서  형욱씨 인성이 여실히 보입니다  응원할게요,0
@kenshiina3029,군대를 생각해 보자 부대원 몇몇이 부대장 뒷담화를 통해 부대의 기강을 흐트려놓앗다면 어떻게 되겠는가  명백한 반란 행위라는 게 내 판단이다 반란은 군법 최고 형벌을 피하기 어렵다,1
@user-kj9od3vh7t,훈련사님 정말 마음이 안 좋네요 잘 회복하시고 정말 힘내세요 응원합니다,0
@user-vb6eb2cy8n,어제 1년 일한 직장 그만뒀는데 사장이 수고했다고 퇴직금으로 만원 줬길래 바로 노동청 가서 신고하고 왔다 ㅋ 알고보니 이 사장 5번이나 이짓해서  노동청에 신고 당했더라고 ㅋㅋ ㅋ,1
@magicpie7766,견종백과 개스트쇼 다시 보고싶어요 힘내시고 꼭 이겨내세요,0
@user-od4nc6wv2j,본인 방금 편의점갔는데 검정봉투주길래 편의점 다 때려부수고왔다 배변봉투주길래 부들부들하고있는데 까지 있는거보고 개박살내고옴 손발이 덜덜 떨려서 이제 7년간 정신과약먹고 편의점사장 고소하려고,1
@user-op2gt5ec3q,힘내세요,0
@Carrot1004,고,0
@user-ui3kr5eg5g,씨씨티비를 보는법을 몰라요 너무 힘든일이에요리모컨으로 분할화면 번호누르고 줌인누르면 확대까지 되는데 뭐가 어렵다는건지,1
@user-er6vf6bw3t,고발건 이슈로 또 방치니 어쩌니 마녀사냥 난리났네요잘모르면서 본인들일 아니라고누구 하나 죽여야 끝나겠구나출장와서 하는게 불법이 맞다면 맞는거지요사연이 딱하다 해서 예외는 없는거겠죠그냥 레오도 강훈련사님도 안쓰럽네요안락사 선택을 하기까지 그 고뇌도 알겠고요다 잘 해결되고 마무리되길 바랄뿐,0
@DTEX2,그건 그렇다 쳐도 강형욱 씨만원 보낸 거 팩트메신저 시찰 팩트이 것만 해도 논란이 크지 않나요,1
@beauty5596,한서준 628 이사람 악의적으로 끝도 없이 악플을 답니다 잘 기억해두길 바랍니다,0
@user-by2wf1ed1u,제발들 마녀사냥 그만좀 했으면은좋겠어요 당연히씨씨티비 없으면안되는거 아닌지그걸 감시라고하고 이슈터지니장단 맞추고 전부사냥감 찾듯이징글징글하네요또어떤 사건을 덭고 싶어 이렇게이슈를 키우는지전 강혁욱 선생님 응원합니다,0
@user-vb6eb2cy8n,피해자들 10명이상이 방송국에 본인도 피해자라고 고발했다는데 그래도 아직까지 그런적없다고 잡아때고있는 강형욱 부부는 니들을은 일본가서 살어라 그게 딱 일본이 하는짓거리인데 딱 니들하고 어울린다 니들은 일본가서 살어라 한국에서 꺼저라,1
@gracemoon2368,훈련사님  힘내세요,0
@user-ig5dy4gf9v,강형욱 대표님 을더이상 모함하지 마라대표님 힘내세요세상이 참 무서워요글고 분노합니다,0
@iiii3097,직원이 운영자인줄너무 잘해줘서,1
@ab-ew1ro,피자 먹는거 봤는데 자유롭게 1인1판 먹던데 눈치보는건가,1
@user-vb6eb2cy8n,위안부 피해자들이 그렇게 증언해도 그런적 없다고 잡아때는 일본하고 똑같네 저 강형욱 부부는 ㅉㅉㅉ 에라이 이 썩을놈들아,1
@user-nt2bm8cy9u,힘내요,0
@user-ps4um2bc3f,요즘 없는데가 어디 있다고 강형욱님 너무 휘둘리지 마시고 힘내세요 응원합니다,0
@kenshiina3029,내 입장에서의 최종 결론은 이렇다 회사내에서 발생했던 상당 부분의 책임은 논란의 공방을 떠나 일단 그 당시 회사 최고 책임자에게 있었다고 보며   그렇다하더라도 사회적인 물의를 일으켰다고 보기에는 무리가 있다  우리 주변에서 흔히 접할 수 있는 갈등의 한가지 모습에 불과하며  뿐만 아니라 직원이였기에 근로자였기에 탄압을 받아왔다는 주장은 설득력이 매우 떨어진다  그도 그럴것이 당시 직원들의 평소 근무태도  마음가짐  성과  동료관계 등등이 그 근거가 된다  이미 수년전의 일로 사회갈등을 촉발 증폭 시킬 이유가 없다고 보는 바 언론의 허무맹랑한 여론몰이에 편승하지 말고 한남 한녀 양측 모두 자숙하기를 바랄 뿐이다,
@user-pg9mq3oz6i,영상 보니 정말 속상하네요  강형욱 훈련사님 힘내세요 응원하겠습니다,0
@user-kt2ed1ti4q,하형욱이형 처음에욕햇던거 정말미안합니다 영상 모든의혹해명 차근차근해주는거보고 이사람은 진짜 열심히 산죄밖에없던걸 느낍니다 응원합니다,0
@jinnyr6045,동물을 사랑하는 사람은 거짓말을 하지 않습니다,0
@kenshiina3029,강형욱 대표의 아내되시는 수잔 엘더 이사님의 화법에서 난 이분이 참 가정교육을 잘 받았구나라는 것을 느낀다 속어라던지 상스러운 표현은 거의 들어있지 않다 지극히 점쟎은 표준 서울말씨를 쓰고 있다 용모도 그렇지만 마음가짐이 반듯하다는 느낌을 지울 수가 없다,0
@TTOommoOTT,뭔일인진 모르겠지만 얼른복귀하세요 언론이 담금질 하는거 한두번 보나요,0
@user-lv6ug2me2b,도그 펫 안 좋아하는 나도 방송 보면서 이분 개에 대에 진심이구나 싶던데이런 말도 안 되는ㅉㅉ이럴 때는그냥 버티기하시면그러다보면 지나가고 또 살아지고 더 좋아질수도 있고요 두 분 부디 힘내시길,1
@kenshiina3029,폭로라는 내용들의 대부분이 사적인 감정과 불만에 한정되어있다 명백히 위법한 내용이라던가 사회적 통념에 벗어난 것들은 없다  이런 것에 대해 어째서 국민들이 귀중한 시간을 쪼개서 관심을 가져야 하는가  그것도 이미 수년전의 일들을,0
@NAMHANG12,흠 녹취록이 있긴한건가감감무소식이네,1
@user-eh1fz4rf4u,응원합니다,0
@user-xo3jk7bn6j,애초에 물의를 일으킨게 그냥 아니꼽게 본 사람들이 구런거 같아서 조용히 넘어가도 인정입니다,0
@user-ki9oo6qu5x,해명과 변명중 어떤걸까ㅋ근데 6개월치 메신저를 다 본건소름해명 이제야 듣다보니레오는 너무 심했네요한평생을 버려졌다가 경찰견으로 고단한 삶을 살았을 아이를마지막에 더운 옥상에방치 아니라고 하지만 방치 맞아보여요저도 마지막 무지개 다리 건너는 아이 끝까지 방안에서 보살폈어요아프지 않고 예쁠땐 집 방안에서 같이 키우셨었잖아요 회사 수익에 방송에 광고에돈 많이 버셨을텐데조금 더 배려해주셨으면 좋았을것 같네요방치 맞아요데려오지 말지 그러셨어요,1
@Assui148,강부부닮아서 그런가 강천지들 하나같이 입이 험하네 패드립부터 시작해서ㅋㅋ 비슷한 주파수끼리 끌린다더니ㅎㅎ 성별갈라치기 발언에 긁혀가지고 눈뒤집혔나,1
@user-xo3jk7bn6j,그냥 잘보고 있었는데 뭔문제가 있었다는 건가 침착하게 잘얘기하시네 씨씨티비는 있었어야된다는거 이해가고,0
@sungkim-kh5is,빠가 나같은 까를 만드는거란다 개통령 빠들아ㅋㅋ개통령 빠들 골때리는점  개통령왈 저는 그런말을 쓰지않습니다시전하자 39암 그런말 쓰실리가 없지 폭언 해명됐넼39저는 를 볼줄 모르고 볼 시간도 없습니다 시전하자 39암 개통령은 바쁘신데 당연히 감시안하짘39 우리아들 욕을했어요시전하자 39암 캡쳐본따위 없어도 개통령님 말이 진리이니 당연히 메신저 6개월치 동의없이 검열해야짘39,1
@user-tw2vw8to9g,저 개저씨볼때마다 너무 불편한게뭐냐면 내가 직원으로일했던 좆소사장 알바사장들이 떠올라서그런다 한번은 내가 뭐 실수하니까 카톡으로 지금 뭐 한거 빨리 치우시라고해서 놀라서 두리번거리니까 아예 뒤쪽에 앉아서 핸드폰으로 씨씨티비켜고 실시간으로 감시하고있더라 진짜 뭔가싶었다 못배운ㅅ끼도아니였고 흔한개저씨였는데 대체 뭐지싶어서 그날관둔다고하고 지원하는애있으면 알음알음하지말라고알려준다 이미 저 업계는 쟤 만행 다 알고읶었을거임 개저씨들이 유독 낯짝이 뻔뻔한데 난 도저히 이해가안간다ㅋ징징거릴거면 악덕사장단톡에하시고 그딴식으로 사니까 이꼴난거야 이아저씨야 ㅉㅉ,1
@user-cp9tc9bs7w,잘못한게 없으면 숨을 일도 없지,1
@user-lw9cx1xl5w,힘내세요,0
@user-gm7vq7oo6n,직장생활 해본 사람이라면 다 알거라고 봐요  사장도 실수를 하고 화도 내고 감정으로 움직일때도 있습니다 사람이니깐,0
@AOMG-kim,회사에 수십대정작 아픈 레오가 있는 옥상에는  0대그렇게생각하는 레오가 무슨일생기면어쩌려고,1
@serepark4342,요즘 가슴 이 많이 아파요 힘내세요  믿습니다,0
@user-cu7bd2hh1g,그냥 할수있는거 다 하셨음 좋겠네 악의적으로 그런거 같은데,0
@user-vb6eb2cy8n,누가 배운거 없는 개장수 아들 아니랄까봐 ㅋㅋㅋ  잘못을했으면 용서를 구하고 벌을 받아라 그런건 니 부모가 안 가르쳐줬냐  ㅋㅋ 누가 배운거 없는 개장수 부모 아니랄까봐 ㅋㅋㅋ,1
@user-vq7sg9uk4j,형님 항상 응원합니다 진짜 힘내십쇼 이상한 직원 때문에괜히 오명쓰고 억까당하고 참 세상 잘못 돌아가네요,0
@st_mayo,그래서 전직원이 주장했었던 강형욱 폭언 녹취록 빨리 들어보고 싶은데 전직원이 언제쯤 공개하려나요참한쪽 전직원 주장만 무조건 신뢰하는 분들이 계시니 정말로 안타깝습니다이래서 양쪽 주장을 들어봐야 됩니다강형욱 훈련사님 계속 활동해주셨으면 좋겠습니다그럼 항상 건강하시고 화이팅 하세요구독 누르고 갑니다,0
@smintlove,매를 버는 타입의 사람들이 있네요,
@user-xg3ht2qs6d,다른 사건들은 뉴스에서 녹취 다 공개해주는데 어째서 녹취있다는 분이 공개를 안하는지 껄껄껄,1
@TOM-go3iu,설마 했는데 역시 형욱님이 그럴 분이 아니죠응원합니다 세 직원은 꼭 고소하시길 빕니다,0
@j-grace7701,증거없는 이야기들로 어려운 시간을 보내시고 계실텐데 지지말고 잘 버텨내주세요 좋은 훈련사님을 잃고 싶지 않습니다 힘내세요,0
@sungkim-kh5is,개통령이 39전 볼줄도 모르고 볼시간도 없어요39같은 새빨게보이는 말을 처하고 이걸 그대로 믿는 개통령빠들이 문제ㅋ 2022년 기사 보면 강형욱은 이런 상황을 발견할 경우엔 누가 치우지 않았는지 를 돌려본다며 엘리베이터에서 반려견이 오줌을 쌌는데 그냥 가는 분도 있다 그 보호자를 색출해서 민망하게 만드는 짓은 안하지만 누가 그랬는지는 알고 있다 했던데 보지도 않고 보는법도 모른다 시전 제3자인 고객들이 나온 녹화본을 고객동의도 없이 경찰입회도 없이 사장 마음대로 보는것도 위법의 여지가 큰데ㅋ 자기 보고싶을때는 다 돌려보누ㅋㅋ,1
@kenshiina3029,불현듯 가마보코가 먹고싶어지는 저녁시간이다 치쿠와도 좋고 한뻰도 좋다 절로 대포 한잔 생각나는구나,0
@Didcicjssj,괜찮아요행여나 실수가 있으시더라도 괜찮아요 절대 안좋은 생각 하지 마시고 힘내세요 다 잘될꺼예요 훈런사님꼭 힘내세요 요즘 다들 너무 쉽게 자살 하는거 보니까 괜히 겁나요,0
@user-hn7uc2tr4o,힘내세요,0
@user-ih8ef6qp9j,강형욱내외분 응원합니다,0
@user-fu1ho6oq7d,형욱님 보듬처럼 다시 따뜻하고 멋있는 강아지 훈련소가 만들어졌으면 좋을 것 같아요그리고 레오 일을 언급할 때 정말 마음이 찢어지듯이 아프셨을 것 같은데 정말 레오를 위해 기도 많이 할게요그리고 보듬에서 일하셨던 훈련사분들이 보듬에서 일했다는 것이 부끄럽고 창피한 경력이 아닌 정말 영광스러운 경력 업적이다생각 했음 좋을 것 같아요그리고 훈련사분들과 보듬 모든 직원 분들과 강형욱님의 앞날을 응원하겠습니다,0
@user-zn6vj7hp1r,개통령 못보는게 안타까울 뿐입니다 응원합니다  미친 직원들과 언론들 여직것  좋은 일만 했거만나도 저러면 열받지,1
@dragonsdaddy8296,고난과 피박을 아겨내시고이참에 좀더 단단한 땅이 되셨으면 좋겠습니다 응원합니다 형님,0
@kenshiina3029,이웃 일본에서는 도저히 찾아볼 수 없는 저급한 폭로문화 빨리 사라져야미개한 중국에서도 이런 폭로 문화는 존재하지 않는다,1
@tailorlim7753,강형욱 죽이기네요마녀사냥 당하지 마시고 반드시 진실을 파헤쳐서 꼭 다시 우리들의 개통령으로 나타나셨음 합니다 정신적 육체적으로 많이 힘들게 보이셔서 안타깝습니다,0
@user-vb6eb2cy8n,위안부 피해자들이 증언해도 사실 아니라고 잡아때는 일본이냐 니가 강형욱아 ㅋㅋㅋㅋㅋㅋㅋ 잘못했으면 벌을 받어라 강형욱아,1
@neihupark,정신병 머리가 아픈 직원은 3개월내에 짜르고 그 뒤가 되어도 걍 짜르는게 맞아요 저도 사람 뽑았을때 정신병이 있는 사람이 있습니다 안타깝네요 부디 마음 잘 추스리길 바랍니다 그리고 허위로 개소리 한 사람에 대해 꼭 소송으로 보상을 받으시고 처벌하시길 바랍니다 가만히 두면 지가 사람새끼인줄 알아요 지능이 낮고 혐오로 가득찬 말을 할줄 아는 짐승도 정상인 속에서 사람인척 하는걸 다 두고봐야되는게 안타까운 세상입니다 그냥 그들은 처벌로 다스리는수 밖에 없습니다 허튼소리하면 안된다는걸 좀 만들어가면 좋겠어요,1
@user-xx7oc8tc2k,살다 보니까 정말 못된 인간들이 있더라고요그 못된 인간들한테 걸려서 꿈도 접고 마음에 얼마나 상처가 깊어지셨을까 마음이 아프더군요레오 이야기를 하실때도 훈련사분들 이야기를 하시며 우실때도 진심이 느껴지고 저도 울었습니다  부디 기운 내시길 바랍니다조회수를 올리기 위해서 자극적인 제목으로 선동기사들을 올린 기자들과 유투버들 그거 업이고 죄입니다사람이 한평생 살면서 덕은 쌓지 못할 망정 그렇게 업을 쌓아서야 되겠습니까다 당신들의 후손들한테 그 업보가 내려갈것입니다,0
@22N_131,강형욱님 채널에서 특히 견종백과 즐겨 보던 사람입니다 고양이 키우지만 강형욱 훈련사님이 늘 웃으면서 강아지들 놀아주며 견종의 역사라던가 설명해 주시는거 보면서 즐겁게 봤었는데 이런 안타까운 문제에 마음 고생 심하게 하셨을거 같습니다 이 댓글을 보실지는 모르겠지만 힘 내시면 좋겠습니다,0
@kenshiina3029,항상 그래왔다 조선인을 괴롭힌 건 조선인이였고 조선인을 팔아먹은 것도 조선인이였다 그러다 조선을 멸망케 한 것도 조선인이였다 백년이 지났지만 바뀐게 아무것도 없다,0
@MLJ446,원래 본인은 본인이 잘못한지 잘인지 하기 어렵다 3자가 볼때는 고용인이나 고용주나 어느 한편 손들어주기 뭐하네 진상짓한 고용인이나 똑같이 법의 잣대로 응징하려다 유명새로 돈번거 이미지 타격없을줄 알고 이겨먹으려 한거,0
@Quasar32,어제 옾챗에서 실시간으로 쳐맞던 한서준의 어록1 지능이 딸린건 내가 아니라 강씨 알바인 니들이다2 백수인게 아니라 취업할 생각이 없는 것이다3 니들이 욕해봐야 아무타격이 없다4 니들이랑 말 안함,1
@user-ek2ux7en1k,일반적으로 보면 직장에 고용된 사람이 사장 또는 직장 상사에 불만 없는 사람 거의 없죠 고용된 사람이 사장에게 불만 가지는 것 당연합니다 왜냐하면 일을 시키는 사람이 사장이고 시키는 일을 수행하는 사람이 직원이기에 서로의 입장이 다르니까요 그러나 뺀질거리고 말 안듣고 일 저지르고 하는 새끼 직장에 꼭 한 두명씩 있어요 이런 놈들이 직장에서 거의 왕따 당하게 되고 불만이 쌓이고 하면서 언론사에 고자질 한걸 가지고 회사 전체와 사장 개인의 모든 인격까지 모독하는 방송을 한 방송 쓰레기들이 더 문제 입니다,1
@kenshiina3029,남침을 방어했을 뿐인데그걸두고 북침이라 주장하는 좌익들과 다를 게 뭔가,1
@user-jq1lv9wr8r,그냥 봐 어차피 강형욱이 이겨,1
@kenshiina3029,아예 몰카라고 하지 그러냐  라고 언급하면서 왜 설치를 하냐고  말이냐 막걸리냐,1
@yeo-ft9jf,혹시 직원들이 갑질하는 세상일지도 직원들 말이 다는 아닐수도 있겠네요 서로 입장의 차이 그리고 진실이든 거짓이든 단합해서 뭔가를 도모하면 선의도 악의로 둔갑 되는걸 저도 직장인이지만 많이 봤습디다법적으로 싸워서 거짓이 있다면 사회적으로 일침을 가하세요갑의 횡포가 일반적이라고 생각하지만 요즘 들의  이기적이고 개인주의적 성향으로 야기되는 파렴치도 요즘 회사내에서 대단히 빈번 하답니다,0
@user-qk8mq5vz1n,언론들 보고 속은적이 하도 많아서 전 계속 지켜보고만 있었는데 역시 한국은 정말 후진국이네요 아직도 사람들 관심을 끌기 위해 무고한 사람 한명 데려다놓고 자극적인 내용을 글싸지르는 기레기놈들과 언론플레이에 홀라당 넘어가서 악플  없는 사실 폭로 등 쓰레기 짓들 하는 놈들이 많네요 전 믿고 있었습니다 항상 응원할게요언론플레이에 속지않은 제가 자랑스러워요,1
@user-vb6eb2cy8n,위안부 피해자가 증언해도 사실 아니라고 잡아때는 일본이냐 니가 강형욱아 ㅋㅋㅋㅋㅋㅋㅋ 잘못했으면 벌을 받어라 강형욱아,1
@kenshiina3029,공감불가한 한남 소추라는 생경한 속어 문화도 빨리 사라져야 한다 갑오경장 이전에도 한남은 소추가 아니였다 세계각국의 여성들이 증언하고 있다 한남대물이라고,1
@user-kp2cn8gh9i,어디까지나 본인의견이고 틀릴수도 있음 한국가구쪽은 내가 잘 모르는데 미국인 종사자들이나 전문 사무직 기준으론 좋아보이진 않음 직원들 근무하는곳을 보니까 자세 교정 허리 편하게 하는 의자나 책상  이 아님 사무실 직원들 중에 쪽 일하고 장시간 영상 편집하는 분들도 있을텐데 전혀 그런 분들 배려하는 의자가 아니었음  그 와중에 자세교정하라는 말은 안전문제가 아닌 내가 보기 싫으니까 자세 똑바로 해라는 흔한 꼰대식 트집으로 보임 진짜 직원 허리 건강이나 산재 걱정돼서 그러면 애초에 의자도 책상도 좋은걸로 줬겠지 이런 트집을 외국에서는 라고 해서 상사평가에 큰 타격이 될 수 있음  보통은 산재나 도난 문제 관리차원이라면 를 스크린과 직원 전신이 나오도록 비추진 않음 특히 외부인 출입할 일이 없는 사무실에서는 보통은 그렇다는건데 왜 저렇게 설치했는지는 내가 강형욱 의도를 알길이 없음,1
@broken_melon,개돼지들이 악의적인 모함 하는거 신경쓰지 마시고 가족끼리 시간 보내시며 머리도 좀 식히시고 편안한 시간 보내시길 바랍니다 저는 대가리 깨져도 강형욱님 응원합니다 강아지에 항상 진심이셨던 모습을 보면 알수있읍니다 강훈련사님은 절대 나쁜 사람 아닙니다,1
@user-zc8no3ly5x,근데 는 볼수도있는거 아니냐 ㅋㅋ,0
@user-ud8yh1ho8p,저도 응원합니다 그동안 본 강형욱씨의 모습과 너무 달랐습니다,0
@kenshiina3029,생각해보면 폭로의 시점도 납득이 안된다 문제가 있었다면 즉각 당사자간의 합의나 법적인 호소를 했어야지 수년이 지난 지금에 와서 폭로를 한다  글쎄다 전혀 공감할 수 없다 뿐만 아니라 부정선거  선거조작 관련 하여 시국이 어수선한 지금 언론의 행태도 여러모로 수상한 게 많다 이런식으로 멀쩡한 사람을 생매장하는 문화 빨리 사라져야 한다,0
@user-es4ex5xg1k,이래서 여자애들은 뽑으면 안돼 개념도 없고 성차별적 강박에 사로 잡혀있음,1
@user-uh9bf9if3i,또 아줌마들이 아줌마했네 ㅋㅋ,1
@user-od4lr9up5c,강형욱씨개훌룡에서교체하고다른훈련사가온다한들그자리가채워질까강형욱씨를대신할사람은없다개훌룡을보는것도그렇고개훌룡재방보는데역쉬최고멋지다강형욱씨지금시련이겨내고개훌룡에서꼬옥만나자구엽기다릴게께요건강잘챙기세요,0
@gyonglee5497,강형욱님을 응원합니다,0
@HEY-pm6lz,사건반장 소송걸어보세요,0
@user-lg5tg2iq9t,는  당연히  있어야지  탈의실  화장실  빼고  이런걸  해명하라고  하는것  자체가  ㅉㅉ  에  적응못하면  중세시대에서  살아야지,1
@ykdkacademy,39                     39,0
@user-xf6rd6cy6w,굴뚝에 외 연기가 나나요,1
@NyongGong,강형욱 레오 안락사 논란  이 식약처에 문의한 결과 마약류 병원 밖으로 반출하는 것에 대해 금지규정 없다 즉 옥상에서 안락사를 한 것에 대해 불법이라고 주장하는건 헛소리,1
@user-tf3dx1hl3c,아니요 강형욱 님 응원 합니다 어떤 회사든  다 있구요 각 부서도  있습니다 그리고 있다고 봐야 하구요 왜 업무 태만으로 근무하는 사람도 있을수도 있구 안전 보호차  있어야 된다 나도 영업부인데  어떤 회사든 다 있다 얼마나 편하면 저런거를 걸고 넘어지면서 세상 편하게 돈받으면서 일해 잘 해주니깐 한도 끝도 없는네 진짜 지들이 돈 꾸려서 리쿠리팅 하면서 장사해봐 세상 편하니깐 개념들이 없네 진짜 내가 화딱지가 나네,1
@user-tj1eb7pl1e,힘내세요그자리가   얼마나 힘든지요,0
@sungkim-kh5is,한편 를 통한 직원 감시 행위는 직장 내 괴롭힘으로 인정될 가능성도 있어 주의를 요합니다 고용노동부의 직장 내 괴롭힘 판단 및 예방 대응 매뉴얼은 를 통한 감시일하거나 휴식하는 모습을 지나치게 감시를 직장 내 괴롭힘 사례로 예시하고 있고 고용노동부 직장 내 괴롭힘으로 인한 건강장해 예방 매뉴얼은 회사 내에 가 설치되어 있고 해당 모니터가 중간관리자의 자리에 설치되어 있음 출입구 등에 사람이 지키고 있지 않아  외에는 직원들의 움직임을 확인할 수 없는 구조임에도 간식을 먹고 난 후 간식은 맛있었냐는 등 실시간으로 모니터로 직원들을 관찰하고 경고메일 메시지 등을 보내는 방식으로 감시 사실을 직원들에게 주지시킨 사례를 사적인 일에 지나치게 간섭하는 개인적 영역에 대한 침해 로서 직장 내 괴롭힘에 해당하는 사례로 예시하고 있습니다개통령 와이프 뭐 찔리는거 없누ㅋ,1
@user-gd3qc7sq2j,이래서 가 필요하다 돈 받으려면 시키는 것만 해라할일이 없으니까 딴짓하고 딴생각하고근데 명절은 돈이지 스팸으로 때우는건 실수임,1
@user-vb6eb2cy8n,니들 부부가 말 맞추고 찍은 저 영상에서 하는 말을 진실이라고 우리 국민이 신뢰할거라고 생각했어 니들 부부가 변명하다 서로 말 틀리면  녹화 중단하고 다시 찍은 저런 영상에서 하는말을  우리 국민이 사실이냥 믿어줄줄 알았어 ㅋㅋㅋ 우리 국민을 아주 바보 멍청이로 봤구나 ㅋㅋㅋㅋ,1
@sungkim-kh5is,가 문제없다는 저지능 개통령빠에게 바칩니다 기업에서 시설 보안이나 도난 방지 등 목적으로 사업장 내에 를 설치하는 경우가 늘고 있습니다 그러나 직원들은 이를 사생활 내지 개인정보 자기결정권에 대한 침해라고 생각하는 경우가 있어 갈등이 발생하곤 합니다이와 관련하여 최근 대법원은 직원의 동의없이 설치된 를 검정색 비닐봉지로 가린 행위가 업무방해죄에 해당하는지 여부와 관련하여 근로자들의 작업 모습이 찍히는 카메라에 한하여 비닐봉지를 씌운 것은 사회상규에 위배되지 않는 정당행위라고 볼 여지가 있다고 판시 하였고대법원 2023 6 29 선고 2018도1917 판결 이를 계기로 직장 내  설치 및 운영의 적법성에 관한 논의가 활발하게 전개되고 있습니다가장 많이 거론되는 문제는 역시 개인정보보호법 이슈입니다 사업장 내에 설치된 를 통해 수집되는 영상정보는 일종의 개인정보이므로 개인정보보호법 제15조가 적용됩니다 따라서 사용자가  도입을 통해 개인정보를 수집하거나 이용하기 위해서는 근로자의 동의를 받아야 하는 것이 원칙입니다제1호 법률에 특별한 규정이 있거나 법령상 의무를 준수하기 위하여 불가피한 경우제2호 개인정보처리자의 정당한 이익을 달성하기 위하여 필요한 경우로서 명백하게 정보주체의 권리보다 우선하는 경우제6호 등 예외적인 경우에 한해서만 동의가 없어도 개인정보를 수집하거나 이용할 수 있습니다개인정보보호법 제15조 근로자의 동의가 없는 경우 사용자는 실질적으로 이와 같은 예외적인 사정을 소명할 수 있어야 하므로 관련 분쟁이 발생하는 경우 사용자의 부담으로 작용할 수 있습니다실제로 위와 같은 예외를 좁게 인정한 해석이 다수 발견됩니다 예컨대  개인정보보호위원회는 사무실 내부에 를 설치운영하는 것이 회사의 정당한 이익영업비밀 유출 및 도난 방지을 위한 것이라고 하더라도 직원의 동의 없이 그 근무공간책상 및 컴퓨터 화면까지 24시간 촬영하여 저장하는 것은 근로자들의 사생활 침해 가능성이 높으므로 정보주체의 권리보다 명백하게 우선한다고 보기 어렵다고 보았고개인정보위 2022 6 22자 제2022011067호 결정  국가인권위원회 역시 시설관리단 소장이 무단 외출 여부를 확인한다며 소속 미화원과 관련된 를 사용한 진정사건에서 시설물 안전 관리나 도난방지 등을 위해 설치한 를 직원의 동의 없이 직원 근무 감시에 사용한 것은 인권침해라고 결정하였습니다국가인권위 16진정0959300 2017 2 8 나아가  개인정보보호위원회는 버스 내에서 기사의 개별적 동의 없이 수집된 녹화물을 운전기사의 징계 또는 근무평정의 증거자료로 사용하는 것은 원칙적으로 허용되지 않는다는 법령해석을 하였고개인정보위 2013 5 27자 제9회 결정 중앙노동위원회 역시 이와 같은 취지로 운수회사가  영상기록을 근거로 징계처분을 한 것은 위법한 징계에 해당한다고 판단하기도 하였습니다중노위 2021 6 29자 2021부해542 판정한편 를 통한 직원 감시 행위는 직장 내 괴롭힘으로 인정될 가능성도 있어 주의를 요합니다 고용노동부의 직장 내 괴롭힘 판단 및 예방 대응 매뉴얼은 를 통한 감시일하거나 휴식하는 모습을 지나치게 감시를 직장 내 괴롭힘 사례로 예시하고 있고 고용노동부 직장 내 괴롭힘으로 인한 건강장해 예방 매뉴얼은 회사 내에 가 설치되어 있고 해당 모니터가 중간관리자의 자리에 설치되어 있음 출입구 등에 사람이 지키고 있지 않아  외에는 직원들의 움직임을 확인할 수 없는 구조임에도 간식을 먹고 난 후 간식은 맛있었냐는 등 실시간으로 모니터로 직원들을 관찰하고 경고메일 메시지 등을 보내는 방식으로 감시 사실을 직원들에게 주지시킨 사례를 사적인 일에 지나치게 간섭하는 개인적 영역에 대한 침해 로서 직장 내 괴롭힘에 해당하는 사례로 예시하고 있습니다,1
@user-un4li1pq7r,레오 죽이고 다음날 가족들이랑 해외여행 갔다는게 사실인지 해명해라,1
@user-vb6eb2cy8n,논란 터지고 니들 부부가 밤낮을 안자고 서로 말 맞추고 변명 짜내고 대본쓰고 각본쓰고 연출하고 연기하고 편집하고 만든 저 영상에 우리 국민들이 속을거라고 생각했어 우리 국민을 바보 멍청이로 생각했어 저 영상이 사실이고 니들이 저 영상에서 하는말이 사실이면 오징어 게임도 다 사실이고 스타워즈도 다 사실이고 터미네터도 다 사실이겠다 형욱아 ㅋㅋㅋ 국민들을 그렇게 바보 멍청이로 생각한거야,1
@sungkim-kh5is,자꾸  개통령 회사가 39애완동물 종묘 및 보호 서비스업39이라 직원의 동의없는 설치가 필수라고 하는 게소리들 개통령빠들이 보이는데 반려동물 영업자  설치 의무 영업군 동물보호센터 민간동물보호시설 동물미용업 동물운송업23427 농림축산식품부 개정  보듬 사무실 내부 해당없음 이 팩트다 ㅋ 니네가 좋아하는 문재일 평산책방도 놀랍게도39애완동물 종묘 및 보호 서비스업39이었는데 거기도 필수겠다ㅋㅋ 어휴 머절이들ㅋ,1
@Happy_Energy,역시 양쪽이야기 들어봐야하네요요즘 공격적이고 피해망상적이고 이기적인 성향이 많은 사람들이 남을 헐뜯기바쁘고 다 본인 업으로 돌아가기때문에 다음생에 더 크게 벌받습니다물타기용으로 언론공격인지 비슷한 댓글이 도배되고 획일화된 이 세상에서 조금 더 깨어있는 사람들은 믿고계셨을겁니다이또한 잘 지나가실거라 믿습니다힘내세요,0
@misookkim3775,사무실 어디든  있습니다사적인 공간이 아니잖아요여기 미국에서도 집이든 사무실이든 스마트폰으로 어디서든 볼수있습니다그곳 직원들은 시대에 뒤 떨어졌거나 뭔가 수상한 직원이네요,1
@misookkim3775,힘내세요모두 강형욱님을 신뢰합니다,0
@Quasar32,서준이 담당일진 올 때쯤 되니까 슬슬 여무네ㅋㅋㅋㅋ 속이 투명하노,1
@user-ub5le9lw4m,어디갓냐 강형욱씨 이민갈준비한다고 키보드로 칼꼽던새끼들 다 어디갓냐,1
@daudjung,해명이 다 되었는데 개훌륭은 왜 안하는데 여자 탈의실 더 조사할게 남았나,1
@Speeddoraichu,아 진짜 논리없고 감성팔이 악플러들 ㅋㅋㅋㅋ 진짜 강형욱님 힘내세요,0
@user-cx8yo9jv5c,큰 도움이 됩니다 계속 활동하셔야 합니다 힘내세요 항상 응원합니다,0
@JWK-we3sv,꼭 아들낳아서 한남소추라고 듣길 바람,1
@namheekim3833,힘내세요  오해와 갈등이 풀어시길 진심으로 기원합니다,0
@IlllIllllllIlllllllll,그래서 왜 무고죄로 고소안함,1
@yks7624,무고죄로 꼭 고소하셨으면 좋겠다,0
@JWK-we3sv,자영업자들 면접볼때 민주사상 인가 아닌가 물어보고 뽑아라 노동청 민원졔기 했는지 안했는지 그회사에 왜 퇴사했는지 확인하고,1
@user-ko3gq4zy4h,아니진짜 개꼰대같노 겉으로 일만 잘하면 됐지 지는 욕 안하고 사나 상사욕하는 직원은 어느 회사던 수두룩빽빽한데 남의 대화내용 6개월치 훔쳐보고 부들부들거리는게 진짜 음침하고 이해가 안간다 아줌마 그냥 회사운영에서 손 떼고 애나 봐,1
@user-jb5sm2yl9b,힘내세요  두분 응원합니다,0
@Assui148,한남소추아들방패 이거 다 전략이다 자극적인 얘기꺼내면 사람들 휘둘리기 쉬우니까 교묘하게 남탓으로 돌리고 ㅉㅉ 추하다,1
@Speeddoraichu,힘내세요 남의 눈에 피눈물나게하면 다 되돌아간다 전직원 악플러들 다 평생 저주받을거다,1
@anikundejinzza,아 이 영상으로 해명 끝난 느낌이다,0
@JWK-we3sv,전직원 왜 형사고소 안함 계속 언론플레이만 하고,1
@user-sj4gp2nj9v,액션을 취할려고 9800원을 보냈다는건 너무 억지같음,1
@user-cz4lg2dn9d,형님 마음 꼭 추스리시고요 항상 응원합니다,0
@cmk5240,그냥 힘내세요,0
@k-swan-dw4rz,웃기지 마라 강형욱,1
@user-gp6ko2td9r,고소 가자  입함부로 놀리면 어떻게 되는지 보여줘야 이런일이 안일어나지,0
@user-un4li1pq7r,니가 사람이냐 이 악마야,1
@CockerTV_Bada,그래 이제 언론에서 취득한 음성파일 공개해보자,1
@user-gp6ko2td9r,강아지를 다루는곳에 없는게 진짜 이상한거다,1
@user-vb6eb2cy8n,떳떳하고 잘못 없으면 고발자들 허위사실 유포로 고소해야지 강형욱아 ㅋㅋ 지금 그들때문에 니가 티비출연도 못하고 사람들한테 욕먹고 있고 니 예능 프로도 다 폐지고 넌 앞으로 티비 출연 절대 못할꺼같고 니 인생 완전 나락갔는데  ㅋㅋㅋ 얼마나 잘못한게 많으면 고소도 못하고 숨어있는거야 ㅋㅋㅋㅋㅋㅋㅋㅋㅋㅋ,1
@user-mz8cf2xs1x,이거 보고 팔로우 한다,0
@ebbuniellen,많이 힘드시겠지만 두분 믿고 응원하는 사람들이 많다는거 잊지 말아 주세요 형욱님 수잔님 힘내세요,0
@user-yi7kf6uq5w,제발 아까운 사람 잃어버리는 일이없었으면  합니다 조금 이해해주고서로 아껴주는 사회이길 바랍니다,0
@user-yi7kf6uq5w,강형욱훈련사는 단순하신 분같습니다사람하나  무너뜨리는것 너무도 쉬운것 같아요,0
@cpple,고발자 보면 탈덕수용소 대표가 떠오름 생각 좀 하고 살아라,1
@user-fk7dm1jg4i,레오 얘기 계속 하시는분들 그 옥상에 집착하여 옥상얘기에 의미부여 그렇게 감정이입하면서 놓치시는게 있어요 거짓으로 스토리만들어서 레오얘기쓴 유튜버 댓글단자에게는 왜 아무말 안하세요 그자는 일단 거짓말을 했고 레오를 마치 학대견처럼 불쌍하게 만들어놨어요  확인도없이 댓글을 그냥 내보낸 언론사도 문제지만 기사에도 댓글이라 써있었는데 그걸 그대로 믿고 욕한 본인들 인성은 생각안하고 그 거짓댓글 단 사람테는 아무런 의문이나 언급도 없고 찾으려는 노력도 안하잖아요 댁들은 레오를 위해서가 아닌 그냥 레오가 불쌍한견이 됐음 하는건 아닌가요  허한마음에 뭔가 마음쓰고 싶은건 아니구요,1
@user-vb6eb2cy8n,잘못을 저질렀으면 벌을 받어라 ㅋㅋ 이거 뭐 일본놈같은 놈이네 강형욱 ㅋㅋ 안했다고 발뺌만하고있네 ㅋㅋ,1
@youngmin___,존나 어이없다강형욱님이 도데체 니들옷벗은거 보고 흥분이라도 할까아님 니들이 쳐 만들어 달라하던가좀나 진짜 사람몰아가는 수준 ㅉㅉ,1
@user-tj7co5ez6x,힘내세요,0
@user-zc5us3zc3v,이번 사건으로 인해서 억측비방허위폭로등범죄라는점 일깨워주길바래요,0
@KIMDAXworld,언니 명품 가방뿐만 아니라뒤에 있는 쿠션 말랑해보이는 베개커튼과 종이 그리고 그걸 꽂고 있는 압정까지왜 다 언니 돈으로 산 거라고 말을 못해이게 다 내 돈이다  다 내가 샀다 말을 하라구 흑흑흑ㅎ긓국흑,0
@pee_maker,부모님한테도 용돈 안받고 한국에서 기반을 잡았다고 하는데 대출없이 서울 한가운데서 친척집에서 머무를수도 있던 것도 부모님 잘 만나서 가능한 겁니다명품백도 굳이 브랜드 이름값에 목매는 그런 싸구려가 아니라 미적 가치를 중점으로 두는 예술가로 보이고 싶으신 것 같습니다  썸네일에서는 로고 노출하고 모든 영상마다 브랜드 기재하시는데 보고있으면 웃기네요금수저 물고 태어났다는 소리에 경기 일으키는 사람치고 부모님 도움 안 받은 사람 없습니다 정말로 혼자 자립한거였으면 그 말을 듣는 순간에 반박할게 아니라 자기자신을 증명하죠 부모님 덕분에 윤택한 유년기를 보냈고 보살핌에 감사드린다는 마음으로 겸손하게 사는게 가정교육이라고 합니다,1
@yyydyfjrk,정말이상한 사람들이 엄청많네요 저는 다른일반적인거 말고 정말 자기취향대로 구매하고 보여주시는거에 너무만족하고 있어요저도 하울님하고 취향이 비스무래 하기도 하고 남에 눈치보느라 정작 제가원하는거 구매 못할때가 많아서 너무너무 대리만족하고 있습니다 그리고 예쁘신거인상도 좋으셔서 정말 재밌게 보고있어요 너무너무 응원합니다 ㅎ금수저니 뭐니 대체 그런거 왜 궁금해 하는지 조차 정말 이해가 안되긴 하네요 ㅋㅋ,0
@user-ws5ki5ep6m,너무부럽다 난 22년간 살면서 해외여행은 커녕 국내여행도 한번 제대로 못가봤는데 이사람은 무슨복을 타고났는지,1
@user-zq8hi1wg2l,누가봐도 너무  무례하거나 과격한 뉘앙스의 뎃글은네 아마 짐작하고 계신 그런 부류의 커뮤에서 활동하는 사람들이 달러 온거 맞을거예요 그런사람들 뎃은 진짜 보기만 해도 기가 저절로 빨리죠,0
@user-dc2qt5jx7w,마지막에 악플에 대한 생각대처 너무공감되고 말씀잘하셨어요,0
@anetteseong987,무례한 질문에도 친절하게 답변 해 주실려고 해서 감사합니다,0
@anetteseong987,예쁜 한별님,0
@anetteseong987,답변도 안해주셔도 되는데 답변 해 주셔서 감사합니다,0
@sicajess7187,금수저가 무조건 깎아내리려고 하는말은 또 아니니까 그말에 넘 스트레스 안받아도 될것같아요 그냥 언니말대로 좋은 의미로 받아들이시는 게 좋을 것 같아요,0
@hamnyangeee,언니 마인드가 너무 좋네요,0
@ye9555,한별님 유트브보면 설명도 그렇고 제품소개도 잘해주심오래본건 아니지만 자랑하려고 하시는게 아니에요 화장품 소개도 제품 가격이랑 설명들이 있어서 좋았구요실제로 몰랐던 제품들도 있어서 적어놓았다 구매 할 때도 있어요  유용한 제품들 소개해주실때 찐으로 좋아요,0
@user-ic5lu7zi5l,언니 진짜 생각이 깊은 사람 같아요,0
@hamzzzii35,와 우연히 알고리즘 떠서봤는데진짜 너무 멋있는 분이신것같아요답변하나하나가 소름이돋을정도로 멋있네요마인드며 모든게 너무멋있어요,0
@user-uh2oo8ro3l,인종차별을 왜 차이니즈 재패니즈라고만 차별할까우린 당당한 코리아라고 제발 동양인중에 일본 중국 언급좀 그만좀 우리은 빛나는 한국인이라고 코리아크악,0
@user-zu3gv4ur1u,어우 근데 사람들이 이분이 금수저 인지 집안 재력관련해서 굳이 알아야 할 이유가 좀 무례함 타인 부모님 재력에 왤케 관심들이 많으신지  이런거 안물어봤으면함,0
@user-yv8oi2lb6i,언니 말하는 스타일 너무 좋아서 가끔 일부러 보는 큐앤에이 벌써 언니 알게 된지도 7년째네여  오랜만에 들어와서 또 매력에 빠지고 돌아감니당ㅎㅎ,0
@user-fx9ht4nv8w,너무 멋지세요언니,0
@soo4804,누린 게 많은 금수저가 맞으니까 금수저냐고 물어 보는 질문을 이해하지 못하는구나 ㅋㅋ 부럽다,1
@user-oj9wy9qy1p,갑자기 그 명언이 떠오른다 니가 꽃뱀이 왜 무서워 돈도 없는게,1
@alikaf2734,좋아요 꾸욱 누르고 가요영상 잘보았어요,0
@user-iw3mg1kk5q,아니 스페인 예쁘다고 거기로 이민갈 정도의 재력이 있는 부모님을 두신건 그냥 금수저라고 하는거에요 지금 현재의 경제 상태로 판단하는게 아니라,1
@user-bz3mj3ci5n,스페인 이민간 계기가 너무 충격적이에욕 하하 금수저 좋겠다 저도 한별님처럼 살고싶어요,0
@dkshin843,한별님 오랜만에 들어와봤는데 수준이 많이 떨어진 분들의 답변이 많았나봐요 한별님 말도 많이 바뀌신거같아요 너무 일일히 신경쓰지말고 투명취급하세요,0
@abcdefghijklmno5,분명한건 저는 누가 남녀노소 누구든다른사람들 명품사던말던 관심없어요  ㅋ모든 명품 가격들이 비싼게 문제지 ㅋ24남자유튜버여자유튜버이려면서남녀댓글분란조장하는사람들이문제지사람들은명품남녀뭘사던관심없음 ㅋ문제는명품남녀사던말던관심없는데남녀분란조장하는댓글러들이문제지,0
@user-pm1jl6rf8i,아 언니 볼때마다 제 친구생각나서 조아욬ㅋㅋㅋㅋㅋㅋㅋㅋ조곤조곤 팩폭 스타일 공감합니다 남이 뭘 사든 어떻게 살든 그냥 한별님 부러워서 그런거같네요,0
@user-qf2yy5qn6n,성격 너무 좋아보여요  배우 박지현님 느낌도 나시공,0
@sseirenn,힘내세여 싫으면 안보면 되지,0
@user-bd8bv3dj4u,언니의 마인드 넘 좋아여  본받고싶은 마인드,0
@quieteye,스페인 예쁘다고 거기서 살고 싶다고 하는 초등학생 딸을 위해 이민을 결정해주시는 부모님이라니  대박,0
@user-vt7zg5rm5k,아진짜 언니 마인드 사랑해요흐헝,0
@ZZZ-sw6bo,전 한별님 정말 좋아해요 악플때문에 기분이 안좋아도 되게 잘 대처하시는 것 같아서 다행인것 같아요 저는 당당하고 하고 싶은 말 꼭 하는 한별님도 좋아해요 응원할게요,0
@user-zl9ul2um3f,악플 나빠요생각없이 샘나서 다는 악플러나빠요한별님 영상은 호기심생기고재밌어요악으적댓글 나쁘죠그치만 한별님 더욱 힘내시고꿋꿋하셔야 합니다,0
@user-jg4rj2em8u,근데 진짜 금수저이던 아니던 뭔상관이야,0
@user-bo2kw7ef3h,그런 찌질한 사람들은 막상 이런 영상은 보지도 않는다는 거 꼭 꼭 무식한거 티내지,1
@user-tz5qr7rw3r,보니 모든 악플의 원인은 열등감이다불쌍해 진심,1
@user-fk6vj5rj8o,정말 멋진사람인거같아요,0
@user-cx8hs5ur7d,악플러들 얘기 너무 공감돼요 현실에서도 똑같은거같아요 무시하라는 말은 왜 하는건지,0
@user-zi1nz4vt9q,와 이언니 알고리즘때문에 봤는데 마인드 너무좋아 어휘력도 너무 감탄스럽고 멋있어요 엉엉엉엉우다른 영상도 봤는데 너무 이뻤어요 구독하고갈게요,0
@zz1131,근데 금수저라는말에 답변은 뭐 우리 가족 월 소득은 얼마고 개인소득은 얼마고 그런걸 말해줘야되는건가 뭘 바라고 물어보는거지,0
@zz1131,니네 여친은 2잖아 브로마이드나 쿠션같은거 말고 사달라고 할게 있겠냐,1
@kimtaebo,ㅋㅋㅋㅋㅋ진짜 다른 질문들도 무식하지만 일곱번째 질문은 진짜 생각도 못했다 시즌백을 왜 사냐는 둥 그만큼 본인이 돈이 있고 이것 저것 사도 살아가는데에 지장이 없으니 사고 싶은 걸 사는거고 기본적으로 본인이 마음에 들어서 사는거지 질리든 말든 제발 본인의 기준과 위치에 맞춰서 본인과 경제적 상황이 같다고 생각하지 마세요 진짜 얼마나 무식하면 저런 질문을 할까 생각함 어짜피 이런 큐엔에이 찍어도 본사람 안본사람 상관없이 지들이 생각하는대로 자위질 할 거 뻔함,1
@user-wr8bz1sj2e,내가 인종차별 당하면 너의 부모님은 안녕하니를 각국 언어로 해줄듯,1
@Ra-tu8rj,39        39                           3,0
@suyeon920,댓글달때 제발 생각 좀하고 다세요 무례함이 당연해서는 안됩니다,0
@H.touch_brow,이상한 사람들보다 한별님 하울 리뷰 일상 영상들 즐겁게 보고 힐링하고 정보 공유하는 팬분들이 훨얼신 많은거 아시죠 영상 잘 보다가 댓글 첨 달아봤어요ㅎ 영상 즐겁게 잘 보고 있어요늘 행복하고 건강하세요,0
@ddocdoo_82,이런 영상에 왜 싫어요가 달리는지 이해가 안되는데 니들이 궁금해하고 니들이 물어봤잖아 영상까지 올려줬는데 싫어요 누르는 얘들은 이해가 안된다,1
@user-rs1nm5yf6u,말씀을 정말 잘하십니다 조곤조곤 조리있고 설득력있게 잘 하시는 듯 합니다 빠져드는 매력이 있네여,0
@user-jj6oy6bf3j,정작 거지인 새끼들이 남친이 사준거네 뭐네 이지랄하는데 진짜 진지하게 정신과 좀 가봐라 피해망상 심한 거 같네,1
@user-jn7dn1uq8p,그니깐자기돈으로 샀든 다른사람이 사줬든 뭔상관이시길래 머라그러시냐고요옥참견이나 악플좀 하지말았으면 좋겠어요인터넷상에서도 건전하게 살자구욧,0
@leelay5495,뭔가 논리가 딱딱 떨어지는 말을 계속 듣고 있으니까 기분이 좋아지나 나 왜 이 영상 주기적으로 보고 있지,0
@MM-rf9ur,말 진짜 잘하신다 멋지심,0
@anetteseong987,스페인에서 어떤일을 하고 살아요,0
@user-ge1fk7sg6u,사람한테 뭘 수저 수저 거려남 경제 수준 평가하면서 지들끼리 토론하는거 재밌나,0
@user-ns5oi2gr8p,대다나다 저 결단력과 실행력,0
@user-ef4dv7gs6s,무슨서리야 정말 부모님 돈이든 언니 돈이든 영앤리치 언니 너무 걸크러쉬 짱짱 멋있어 우리 언닌 맛있는거 먹고 예쁜 옷들 입으면서 행벅하게 살아야해,0
@user-so2sz6lu7e,에휴 한심한 그남들,1
@jadechoi9853,생각이 깊은분이라는 것을 다시 느끼고갑니다 힘내세요,0
@ey5487,원래 자격지심 심한사람들이 남 부러워하고 욕하고 더 그런거같아요 그리고 방송인 공인이니까 모두에게 잘해야한다 공평해야 한다라고 생각하는 무개념들에효 한별님 오래 봐온만큼 절대 그런분 아니란것도 잘 알고 항상 잘 보고있으니까 앞으로도 화이팅이에요,1
@vely2929,언니마인드 칭찬해요,0
@user-ri7mk8qc7f,한별님이 얼마나 생각이 깊고 풍부한지 알 수 있는 영상이네요 정말 다양하고 별별 사람들이 사는 요지경이네요ㅋㅋ,0
@user-Unicorn.,개사이다 큐앤에이다ㅋㅋ 니들이 사주는것도 아닌데 ㅋㅋ 등골어쩌고ㅎㅎㅎ원래 해줄 능력없는 찌질이들이 괜한 자격지심으로 저런 말하는거임,1
@jade_hannah,악플은 진짜 어휴 영상 잘 봤어요,0
@user-jk2un1cl9g,한별유튜버님 응원해요 보통 사람들 월급받으며 사는 사람들에게는 몇천만원이 일년봉급인데 어린나이에 그런걸 시즌명품백을 사니 감히 상상이안가서 그럴것같아요 근데 한별님은 부모님의 가르침을 받아서 유튜버를 크게 자꾸 번창하시는건데 사람들은 그냥 쇼핑해서 하울찍는걸로 아는것같아요  이것도 마치 하나의 사업같은건데  저는 알바생이지만 정말 편의점이나 커피숍하나를해도 어마무시하게 힘들고 진짜 투자를 하면할수록  돈이더들어오는건 사실이고 물론 리스크도 상대적으로 크기때문에 더 노력해야하고 더 배워야하는거죠 그래서 한별님은 하울을 더 크게해서 영상퀄리티를높이게되고 그러다보니 또 더 큰돈을벌고 더 큰하울이나 다른영상을찍는건데 보통 월급쟁이로일하면 그냥 매달월급받고 세이브하고 이렇기때문에 사업시장을잘몰라서 그냥 부모등꼴빼먹는다 남친등꼴빼먹는다이런거겠죠 한별님은 정말 수안도대단하시고 노력파이신것같아요 보이는사람도있어요 힘내세요,0
@user-dv5vv1he7x,인종차별하는 사람들한테 욕하는 언니 멋있다,0
@user-yk2fz1fk4t,527847 참고해둘게요이제 금수저 단어 금지,0
@user-sb9vl8sh9p,저는 언니의 를 즐깁니당ㅋㅋㅋ 내가 살 수 없으니까 언니라도 를 즐기세오 갖고싶은 명품 사시고 갖고싶은 물건 다 사세오 제발 사주세오 그리고 보여주세요 대리만족하게ㅋㅋㅋ,0
@user-dy2ry5qj6k,모든유투버들통틀어서 속시원하게 사이다 대변인 해준거 같아요 짱이래서 내가 언니 채널을 본다니깐,0
@user-mp4mp7ue5n,남이사 명품을 사든가 보세를 사든가 대체 뭐가 중요해서 내 여친은 안저러면 좋겠다 이런 소리가 나오는건지 모르겠어요 전 한별님 영상자체가 재밌고 근데 거기에 제가 좋아하는 주제인 패션이나 뷰티를 다루고 계셔서 접하게 되어 계속 보고 있는데 명품하울 이런거 하실떄마다 와 이쁘다  디자인이 예쁘다 생각해서 사신줄 알았는데 그 명품브랜드에 담긴 가치나 이념 그런것도 잘 설명하셔서 물론 디자인이 이쁜것도 있지만 너무 재밌게봤는데 어떤 관점에서 보면 금수저냐 남친등골을빼먹냐 이런 얘기가 나온건지 진짜 모르겠어요 이 큐엔에이 보기만해도 진짜 화나서 안보고 있다 알고리즘타다 첨으로 봣는데  끝까지 못 보겠네요 전 개인적으로 별별쇼핑몰 시리즈 너무너무너무 좋아하고 패션 하울 화장품 색상리뷰 이것도 그렇고 그냥 싹다 재밌어요 도움도 정말 많이 되었구 응원합니당 최근 명품 카드지갑 추천영상 진짜 핵꿀잼이엇어요,0
@user-xc3zq9mu5k,아무나 답변 해주세용  한별님은 직업이 뭔가요,1
@user-ob6cp6di8l,아 내 여친은 안저래서 진짜 다행이다 나는 저렇게 누구에게 해줄 여유가 없을뿐만 아니라 누가 저걸 사는것조차 견딜 수 없는 거지새끼입니다  저런여자 만나지 말아야겠다 왜냐면 저런여자가 존재하는 것조차 빡쳐서 좌표찍고 들어와서 부들 댈 정도로 난 거지새끼이기 때문입니다 더불어 내가 그쪽에게 한참 못미치고 거절당할 남자인 것을 알기때문에 좀 찌질하더라도 거절을 선빵해서 제 얄랑한 자존심을 지키고 싶습니다  남친 등골 빨아먹는다 남친을 통하지 않고 본인이 스스로 일해서 살 능력이 있는 사람이 있다는 사실을 믿고싶지 않습니다 그리고 제 기준으로 저는 러시앤캐시와 종신계약을 맺지 않고서는 저런소비를 실행할 자본이 없기때문에 괜히 평생없을 일에 감정이입을 해보았습니다  금수저다 나는 노력을 안하지만 남이 노력해서 이룬걸 한번에 없는셈 치는 말을 뱉아보고 싶습니다,1
@seonhyeji3922,대리만족돼서 좋더만ㅋㅋㅋ 돈있으면 명품도 사고 그런거지 별 시답잖은 참견들인지,0
@user-gl5nk7gc2e,하쯧쯧 이 모질이들어따 대고 욕질이야세상에 살아라,1
@noorsyaziyah,39      39,0
@user-dv1gt6mn6b,부러워서 그런댓글 다는거예요 너무 신경쓰지마요 한별님 좋아하는사람이 더 많아요 힘내세요,0
@Sunny-yf7py,언니 영상 오랜만에 봤는데 살이 진짜 너무 빠졌어요 마음고생하시는게 너무너무 보입니다  슬퍼 언니 꼭 강한마음을 가지세요 악플러들 다 고소해요,0
@user-no1xc9nx2p,완전 공감이에요무시하라는 말 공개적인 직업이 아닌 그냥 일반인인 저도 자주 듣는 말이거든요누군가가 나에게 무례한 말 나쁜 말 악의적인 말을 해서 상처를 받거나 화가 났는데 주변에서 그래봤자 너만 손해야 그냥 무시해 라고 하면무시가 안 되는데 무시하라고 하는 게 정말 너무하다고 생각하거든요왜 내가 화가 나고 저 사람이 잘못했는데 무시하고 넘어가지 못한다고 내가 타박을 들어야 하는지 이해가 안 돼요무슨 의도로 무시하라고 말하는 건지는 이해하지만 안 그랬으면 좋겠어요 정말로,0
@user-br1bp3eb7k,언니 넘 예뻐 사랑해,0
@jjimyourj,한별님 살짝 명품에 대해서 왤케 많이 사냐 생각하긴 했는데 자기 과신하는건가 생각했는데 아닌거 같네요 그냥 제가 돈을 잘 못쓰고 내가 돈이 없는데 별님이 써서 부러워서 였었던것 같아요 저는 여기서 내가 좋아하는 곳에 돈을 쓰는 연습을하자를 얻고 가요 그냥 부러워서 끄적끄적 6개월이나지났는데 그냥 끄적끄적  한별님의 생각에 깨닫고 갑니다 응원할게요,0
@jjjeong_happy,한별님도 사랑도 상처도 받을 줄 아는 사람인데 왜 그걸 존중하지 않고 뭐라고하는걸까요  속상하네요 진짜 이 나쁜 사람들 한별님 언제나 응원합니당,0
@user-wj5yq4xz6n,사람들 참 온갖 상상력을 동원해서 타인을 세세하게도 예측하고 판단하네요 멋대로 남을 틀에 가둬 생각하고 심지어는 말로 뱉고 아님 말고 라는 태도 그거 되게 무례한 거에요,0
@user-zu7yt3up3x,그저 여자가 명품 들면 물어 뜯는 인간들,0
@user-om4bh9pb7j,뭔가 그 친구분이 밤비걸 언니일 것 같다,0
@terraformer_141,금수저 관련 답변 진짜 공감되어요 ㅋㅋㅋㅋ 우문 현답,0
@ei6804,악플 그냥 고소해버리세요 잘못한 사람은 따로 있는데왜 한별님이 먹금해야하나요 항상 응원합니당,0
@ei6804,내 롤모델은 한별님,0
@jinny2265,난 언니 목소리가 참 좋아요,0
@user-yu2fy5le9d,부러워서 남이 자기보다 잘나면 배아파서 욕하는 놈들 ㅉ,1
@a01041882423,금수저 댓글이나 명품 사는 거에 고나리질 하는 댓글들은 남자 여자 상관없이 지랄해대던데 남자여자로 뭐라할게 아니라 그런 댓글을 다는 사람들 자체가 존나 이해안되는거 충고랍시고 어쩌구저쩌구 오지랖 부리던데 지들이 뭐라고 그런 소리를 아무 생각없이 내뱉는건지 이해 존나 안됨 대가리 빈 기집애들이나 사내새끼들이나 끼리끼리 어울렸으면 좋겠다,1
@user-js5ys9uz3z,39                  39              39            파이팅,0
@ab__ong,똑소리나고 멋있다,0
@user-lc9xt5sd3v,그래도 졸업장받는것이좋지 그전다햇는데,0
@user-mc2ri6ih2b,본인생각을 말로 조목조목알아듣기쉽게표현하시는게 너무멋있어요 말씀너무잘하세요한별님 항상응원합니다,0
@user-fh4fw7my9v,아니 하트를 주시는 거랑 한별님이 댓글에 답하실 때 어떤 말투를 주시는지는 본인 마음 아닌가 음 댓글 말투가 공격적이지 않았다면 한별님이 좋게 말씀을 해주시지 않았을까 하는 생각이 드네요,0
@user-xt8qw2wd8z,남의 여유로움을 시기해서 욕하는건 본인이 자신의 삶에 만족하지 못 한다는 것이지요 자신의 처지를 비관하긴 싫으니 남을 욕하는 불쌍한 사람,1
@ssun-i,7701250  와닿았어요,0
@_doubleL,내 여친은 안그래서 다행이다 라고 한 사람 능력 일도 없음 본인이 말 다했네ㅋㅋㅋㅋㅋㅋㅋㅋ 자기 돈 드럽게 없다고,1
@catdogis,역시 별이 언니 멋지당,0
@user-lt7jz2ku3h,감히 남자가 아가리를 벌려,1
@user-tf4id4ue4i,롤모델이에용  진짜 사랑합니둥,0
@xet7536,부자가 돈 쓰는 게 뭐 어때서   열등감 오져 진짜 주변만 봐도 이런 사람 많지 않나요 제 친구들도 제 용돈 얼만지 궁금해하는 애들 엄청 많음,1
@singyeah77,금수저고 뭐고를 떠나서 마음은 확실히 부자이신 것 같아요 주변 시기 질투도 많이 겪으신것 같은데 건강하게 대처하고 넘기는 태도 너무 멋지고 대인배같네요 닮고싶다는 생각하면서 끝까지 봤네요 요즘 사는게 너무 팍팍하고 사소한것만으로도 확가 나고 그랬는데 어느 순간 제가 너무 소인배가 되어가고있었던것 같아서 한별님의 생각을 들으면서 제가 살아가는 방식에 대해 돌아보게 된 영상이었습니다,0
@user-rp7pd6ug6u,ㅋㅋㅋㅋㅋㅋㅋ저런여자 만나지 말아야짘ㅋㅋㅋㅋㅋㅋㅋㅋㅋ그런 사람이 왜 당신을 만나,0
@younjs97,돈있는 사람이 돈쓰는데 왜 싫으면 영상 안보면 되지 ㅋㅋㅋㅋㅋㅋㅋㅋㅋ꾸준히 보러오면서 악플다는 사람들 시간많아서 부럽네요,0
@jiook0405,매번 다시 볼때마다 깨달음을 주는 영상이네요 ㅎㅎ,0
@thgml6533,220만원도 아니고 2만 2천원짜리 티셔츠로 무슨 금수저,0
@user-jl5gb6td3j,말을 너무 잘하세요,1
@tocoy_op,언니 말 너무 잘하세요 진짜 마인드도 그러고 너무 멋져요,0
@prettyjenner,악플러들,0
@tomateo______s2,나같으면 중간에 욕한번쯤은 나올거 같은데 저렇게 차분하게 자신의 생각을 피력하는게 넘흐 멋져욤,0
@user-qq5wd1bx1n,한별 님 영상을 볼 때마다 대본을 미리 써둔 것처럼 정갈하고 정돈된 말을 차분하게 해 주셔서 편안하게 보고 있습니다 그만큼 영상에 대해 많이 고민하고 찾아보고 공부한 노력의 결과겠지요 그걸 깎아내리지 못해 안달난 사람들이 많아 보여 속상합니다 어찌되었든 한별 님의 시간과 노력이 들어간 건데 그게 부럽다는 이유정확히는 자신이 할 수 없으니까로 폄하하고 어쩐다 저쩐다 함부로 말하는 게 제3자로서 어이없고 한심하게 느껴지네요 그럼에도 배운 사람의 입장으로서 차분하게 답변해 주시는 모습에 감탄하고 갑니다 영상 잘봤습니다,0
@pinktape1059,언니 다른 사람들이 말하는 거에 너무 상처 안 받으셨으면 좋겠어요 행복해요,0
@tvjuyeon3361,언니에게 남친등꼴 빼먹는다 명품 자기돈으로 산게 아니다 내여친은 안그래서 다행이다 등등 그런댓글 다는 사람들은 언니가 부러워서 질투나서 자기한데 없어서 그런거라고 생각해요 본인이 그정도 비슷한 수준이면 절대로 악플 안달죠남이 잘되는 꼴을 못보는 인간들이 그러는거에요 정말 악풀러들은 강력한 처벌을 받았음 좋겠어요,0
@tvjuyeon3361,샤넬백을 사고싶어서 매장에 사러 간게 아닌 가방이 너무 이뻐서 사는데 브랜드가 샤넬인것이다 한별언니 너무 좋아요 응원합니다,0
@user-mk8wo7ur8c,몇 천만원의 명품백 하울 근사한 스페인의 집 등등 을 보면 금수저 라는 질문 이해할수 있을것 같아요 평범한 사람들에게는 쉽게 할수 없는 것들이거든요 궁금할수는 있죠 저런 환경과 여유는 어디서 나오는 걸까하지만 한별씨의 답변도 이해가 또 공감이 갑니다또 이상한 댓글도 많아 속상하기도 하셨겠네요,0
@skylimit1011,꽤 오래전 부터 구독해 왔습니다 처음 봤을때나 지금이나 성숙한 태도에 저 자신도 많이 배우게 됩니다 항상 응원합니다,0
@coo_monster,한별님 덕분에 많은 걸 깨닫고 배우고 있어요 전에 명품하울 영상에서 명품을 왜 소비하고 계시는지 설명해주시는 거 보면서 명품에 대해 무의식적으로 가지고 있던 선입견을 깰 수 있었고 이번 영상에서는 악플을 받는 사람에게 무시하라고 하는 게 잘못된 행동이라는 내용이 가장 인상깊었어요 보면 볼 수록 참 올바른 사고방식을 가지고 계신 것 같습니다 저도 고등학생 때부터 39예민하게 반응하자39는 걸 모토로 살고 있는데 39나에게 행해지는 무례에 내가 무감한다면 과연 누가 나를 지킬 수 있을까39 하는 제 생각과 똑같은 말씀이 너무 공감되어 이렇게 댓글 남겨봐요 항상 건강 챙기시고 응원합니다,0
@08099625491,그 와중에 넘 예뽀  언닌 흑발도 예뿌고 컬러있어도 예뿌고  말도 잘해요  분명 기분좋은 해피해피 내용의 영상은 아니지만 그래도 친구랑 수다떠는느낌이라 힐링해요,0
@yyy8719,전부터 정말 느꼈지만 이런 가치관들을 본받고 싶다는 생각 들었어요 앞으로 응원할테니까 계속 꾸준히 활동해주세요,0
@user-ek2df5vx8u,안좋은 댓글에 의연하지않고 긍정적인 마인드류 말씀하시는 모습이 좋이 보기 좋아요 ㅎㅎ 이런 영상을 통해 언니에 대해 한발자국 더 알게 되네요,0
@user-gr5im7dx1s,아 기분 더러워  능력있으면 살 수 있지 그리고 있던없던 사는건 자기만족 아닌가 왜 열등감 느껴서 어떻게든 깎아내리면서 자기위로 하는지 제가 다 어이 없네욤,1
@user-jx8qm8tm8d,언니 진짜 늘 보면서 유익한 정보 많이 얻어요 정말 너무 좋아하는 유튜버에요,0
@SMKim-gt6wg,정지영 아나운서와 목소리 톤 되게 비슷하다 그래서 더 호감가는 유튜버,0
@user-ss5fw8zs8u,저는 언니가 저런 거슬리는 말들에 대답할때도 조곤조곤말할때 진짜 부티나는거같아요,0
@_jjhobby9024,유툽 알고리즘 타고와서 39별별쇼핑몰39영상보다가 여기까지 와서 구독하구가요 하울영상에 유독 금수저다 금수저다 말이 많아서 그렇지 ㅎ 한별님생각이 맞는것 같아요 한별님을 바라보는 사람들의 생활에 비교해봤을때 한별님이 금수저가 될수가 있고 아닐수가 있는거라고 생각해요 ㅎㅎ 흐뭇하게봤습니다 결론은 구독,0
@zoeyjoy120,근데 금수저라는 댓글에 현명하게 대처하시는 한별님 멋잇어여 그런생각 해본적도 없고 그냥 조용히 조회수만 올리는 구독자인데 한별님 말 예쁘게 잘하신다고 항상 생각해왔어요 처음으로 댓글 남겨욥 항상 응원하고 있는 팬들도 있다는것도 생각해주세요 너무 속상해하지 말았으면 좋겟네요 화이팅,0
@user-gr4nq5yn8y,그래도 어릴때부터 유럽여행 캐나다여행 가실정도면 제 기준 여유롭게 사시는거같아요부럽,0
@user-er4bw1mu5g,힘내세요,0
@user-ew4xn2kl1h,알아서 잘 살겠죠 알아서 연애 하고 알아서 쇼핑하고 알아서 일상 지내겠지 자기 생각이 다 맞다고 생각할 수 있나 뭘 하나,0
@user-dq5wh4lh5m,한별님 너무 좋은 마인드 가지고 계신 것 같아요좋아요 꾹 누르고 갑니당,0
@user-jr3qm5de7p,말투지적 넘 웃기다ㅎ 논리적으로 따질 지능은 없으니까 말투가 이상하다 뭐다ㅋㅋ,1
@sweetdreaming206,저런 여자 안 만나야겠다 내 여자친구 안 저래서 다행이다 라니 한별님도 사절이거덩요 답변하는 한별님 표정내표정  글고 한별님 말씀대로 본인이 샀든 남친이 사줬든 부모가 사줬든 무슨 상관 돈이 있으면 그 만큼 소비해도 되는거 아닌가요 경제의 경자도 모르는 사람들이 지랄들이군요절레,1
@user-rm9ny4dc5p,그럼 혹시 너무 이쁜 가방이 샤넬구찌를 가면 꼭 있는건 아니겠죠 ㅋㅋㅋㅋ,1
@pink1822,11401900,0
@llliiinnn7011,사람들은 꼭 자기의 주관 편견과 고정관념을 객관 사실로 인지하고 받아들인다무식하게,1
@az7734,이언니 너무 멋있어,0
@user-tn4od9gg6d,언니 세상에 너무귀야워 역한다고 냐아악 하는거,0
@yunji072201,이만 이천원에 금수저 그냥 할말이 없다,1
@0doob0,말을 진짜 조곤조곤 너무 잘하시네요 원래 긴건 잘 안보는데 시간 가는줄 모르고 봤어요 진짜 멋있으세요,0
@rokxdms,진짜 언니가 명품 사는 건 언니의 엄청난 노력과 수고가 충분히 있었고 명품 살만 한 가치가 충분히 있어서 얻는건데 대체 지들이 무슨 상관인지,0
@user-yv9dx9ft1g,너무 다른세상에서 사는것 같아서 박탈감 느끼는 사람들이 주로 악플을 달 것 같아요 원래 한별님이 보여주고 싶은 면만 봐주는 사람들은 없다는 건 어쩔 수 없어요근데 누군가한테는 동경도 되고 동기부여도 되니까 훌훌 털어버리세여 뉴욕에서 실제로 뵛었는데 너무 털털하고 배려심 많으신 분이라 실제 모습도 너무 강하고 멋있어여 굿,0
@sibal2695,누가 한별님 같은 사람들이 너네 만나주겠나고  돈도 능력이구 너네 부모님이 못해주는걸 웨 괜히 자격지심에 찌들어서 욕해  사고 싶으면 너네도 한별님 처럼 일하고 벌어  여친들이 불쌍하네 지들은 여친한테 오지게 뜯어먹을거 아니야,1
@green_tea_piccolo,한별님 예쁘네요,0
@user-ou4wk1ve2v,진짜 현명하신 분,0
@ny8421,약간 코맹맹이 소리 나시는거 ㅋㅌㅋㄱㄱ넝  귀여우셔정말 가치관 너무 멋지셔요,0
@user-td8pu2kx2q,나는언니편,0
@user-zu6sj6yy3i,2만 2천원짜리 티셔츠를 리뷰하는데 금수저라고 무슨 옷 줏어입나,1
@user-gt9xh6gk2z,가치관이 너무 멋지네요 하나부터 열까지 다 맞는 말만 하셔서 공감도 되면서도 느끼는 게 많아졌어요 내면이 정말 멋진 분 같아요 항상 응원할게요,0
@hohohohooo99,뭐래진짜 다들 열등감에 파묻혀서 사나다들 사는게 팍팍하고 힘들어서 그런가봐요 유명인이라해서 이런 말을 들어야 할 이유도 없고 민간인인 제가 들어도 불쾌한 말들이 참 많네요 유명인으로 살아가기 참 힘든 세상이구려 부모님 사랑 듬뿍 받고 자란 우리는 모두 금수저에요,0
@yj4105,6601100 일단 그쪽 여친될 생각 1도 없으니까 김칫국 드링킹 노노,1
@user-dt3vs8bm1y,진짜 말을 되게되게 예쁘게 친절하게 말하셔서 듣기도 좋고 왜 그래야 하는지를 알려주는 영상인거 같아서 볼때마다 여러생각이 들고 아 그러지 말아야지 하는 마름도 드네요,0
@dubu6478,솔직해서좋다 ㅋㅋㅋㅋㅋㅋㅋ금수저 미녀를 ㅋㅋㅋㅋㅋㅋㅋㅋㅋ질투해서그래요 ㅋㅋㅋㅋㅋㅋ고생많습니다,0
@mercedeskim620,사람이 배고픈건 참아도 배아픈건 못참는다더니 다들 고의적 악의적으로 배아파서 질투심에 달은 댓글이 많다는걸 또 한번 느끼네융ㅋㅋㅋㅋ 그나저나 한님 말씀 정말 잘하시네요 제스탈이세요,0
@Ms1108__,10번째 질문에서 만약이라도 좋아하는 댓글에만 하트를 주는 건 당연한거 아닌가요 대부분의 사람들은 좋은 말 이쁜 말 고운 말을 듣는 것을 좋아하지 나쁜 말 또는 욕 겉으로만 보고 판단하는 댓글을 좋아할리가 없잖아요 늦게 댓글을 달고 하트를 바라는 건 의미가 없다고 생각해요 오직 한별님의 영상의 댓글이 됐다는 이유만으로도 좋아할 수 있어요 그러니까 사람이 듣기에 싫어하고 좋아하는 말을 구분해가면서 댓글을 달면 좋겠어요 한별님 영상의 댓글을 봐온 사람으로써,0
@user-mp2dr9gk3u,영상 올라올때마다 기쁘게 보고 있어요 재미나 재미나,0
@user-qf1it4vo9h,내 여자친구 아니여서 다행이다 라고 하시는 분들 진짜 여자친구가 있기나 할까,1
@user-ub1hj2do8e,안녕하세요 언니 이번에 우연히 보다가 언니거 영상 쭈우욱 보고있어요 근데 열불나네요 아니 내돈주고 사던 말던 남친이나 부모님이 사주던 말던 등골을 빼먹던 말던 이걸 답해주는 언니의 인성빼고 납득되는게 없네요 이상한 사람들 참 많다,1
@jaehyun8310,한별 최고,0
@user-gk6ex7ck1u,남을 시기하고 질투하는건 결국 자기자신을 망치는 일이다  하지만 있다고 잘난척 하면서 남을 아래위로 훝어보는것은 더 창피한 일이다,0
@thinnerthanwater-sh5hx,솔직히 다 부러워서 그러는거 아님 얼굴도 이쁘고 유튜브 그러니까 하고싶은것도 하고 있고 집도 이쁘고 스페인에 부모님도 계셔서 비교적 쉽게 갈수도 있고 어렸을적 좋은 나라에서 보내고 좋은 사람이고 행동도 이쁘게 잘 하는데 굳이 욕할 필요 없다고 생각함 부러우면 오히려 선플을 달아야한다고 생각하는데 뭐그리 생각이 꼬여서 악플을 ㅋㅎㅋㅎㅋㅎㅋ,0
@sueun_imdang,왜 이리 예쁘세요흐엉,0
@user-zp3lp4wb1e,그래도 졸업하시는게 좋을거같아요,1
@user-ey6th3zu7h,남친이 능력되고 부모님이 능력되서 명품 선물해주시는건데 왜 욕하는거죠 이해가 안되네,0
@mignonjun,2만 2천원이 왜 금수저야 얼마나 꼬인거야,0
@user-wx5iv7xs8f,한별님 영상 보면서 오늘 처음 댓글다는것같네요ㅎㅎ 너무 멋지고 똑부러지게 말하시는 한별님 보면서 무언가 힐링이라 해야할까요 위로라 해야할까요한별님이 무얼해도 응원하는 사람들이 있다는거 꼭꼭 항상 생각햐주세요,0
@black_kuromi,6551055 자기 여자친구는 저러지 않아서 다행이다 그럴 능력도 없어요 그런 놈들은,0
@backjiiofdameul533,진짜 생각치 않은 단어에 대한 생각의 전환됐던 영상이었어요극단적인 주관적임이라는게개성있고 자유롭지만 혼란스럽고어렵네요근데 저는 긍정적으로 생각하고스스로를 잘아는게 중요하다는걸깨닫게 해주셨어요제가 옷을 잘 못입어서유튜브보다 말도 잘하시고 생각도 닮고 싶어졌어요 응원하고 존경해여퐨 됐어요 하루만에 별별이가 되버렸네여,0
@user-lx4jy7wo8e,그냥 내가 관심있는 영상보고 재밌으면 됐지 뭐이리 남한테 관심이 이렇게 많을까 진짜 인생 피곤하게 사는듯,1
@user-yh5li7pb9b,와 근데 부모님께서 진짜 멋있네욤 스페인에서 공부하고 싶다니까 바로 이민 크  그렇게 예뻤다니 여행이라도 갔다 와 보고 싶네욤,0
@sujinkim7810,아니 ㅋㅋㅋㅋㅋㅋㅋㅋㅋㅋ 스스로 산거부터 정말 멋있는데 근데 설사 다 부모님이 사주신거라해도 지들이 먼상관이야 그냥 능력이 되서 저정도야 얼마든지 해 주실 수 있어서 해주시는거지 ㅋㅋㅋㅋㅋㅋㅋㅋㅋㅋㅋㅋㅋㅋㅋㅋㅋㅋㅋㅋㅋㅋㅋ 졸부든 갑부든 니들이 뭔 상관이야  다 알아서 형편안에서 본인이 쓸 수 있는만큼 쓰는거야  금수저고 나발이고 진짜 남한테 레이블 붙이는거 무례한짓인데도 서스름 없이 하는 하  내 여친이 안그래서 다행이다는 할많하않  여친있는거도 구라같음 상상여친일듯,1
@user-hm3sx8xi2x,명품하울 욕 많이 했지요ㅋㅋ지나고 보니 자격지심이었어요말씀도 잘하시고 영상들 잘보고 있습니다조용히 응원할게요,0
@Yummy_yumgood,한별님 유툽을 접한 지 얼마 안 됐지만 마인드가 정말 건강하신 것 같아요 바르게 생각하시는 부분이 정말 배울 점이 많으신 것 같아요 멋있으세요 특히 악플에 대해서는 다시 생각하게 된 것 같아요 무서워서 피하는 게 아니라 더러워서 피한다고 생각했는데 잘못된 걸 잘못됐다고 해야한다는 한별님 생각을 듣고보니 아차 싶더라구요 인종차별에 빗대서 표현하신 게 정말 와닿았네요 멋있는 마인드 본받고 싶습니다ㅎㅎ 앞으로 자주 영상 찾아볼 것 같습니다 더더욱 승승장구 하세요,0
@user-rw2vk1hi8o,한별님 자체로 멋있다는걸 인정하기 싫어하는 사람이 많은가보네요,0
@user-yw9kv1my2b,되게 이해잘되는거같아요 전 한별님의 생각이 너무 좋은거같아요 할말하시는게 참 보기좋아용3,0
@in-ri1us,언니 속상했겠다,0
@AAA-ks3od,읔 혹시나 했더니 역시나 댓글 성별싸움 미쳣네 ㄷㄷ 이런걸 원해 큐앤에이 하는게 아니실텐데 어휴 ㅉㅉ,1
@originalhappy8896,심도있는 이야기 감사해요,0
@user-yd3jb7mu8w,이만이천원짜리 티셔츠 ㅋㅋㅋㅋㅋ 무슨 두루마리 휴지 두르고 다녀야 평민인가,1
@Ooksuu,몇백개중에 하나라도 달리면 신경쓰이는게 사람인지라 신경쓰이시겠지만 응원하는사람은 더더더더 많다는걸 아시리라 믿습니다 저도 항상응원해요,0
@user-up6ef3bm7x,한별언니 사랑해요,0
@Qkang44444,이렇게 댓글 첨다는데요 한별님 넘넘너머너머넘넘이쁘구 영혼이깨끗해지는기분이에요 목소리도 이쁘구 안이쁜게없음,0
@user-vm2hn8cb2z,악플 무시해라 예민하다 하는 사람들이 참 배려없고 무신경한거예요 본인이 직접 안당해봤잖아요 본인이 막상 지나가는 모르는 사람한테 이유없이 욕먹었다고 생각하면 억울하고 부들부들 할꺼면서 왜 남의 일에 쿨한척 하세요 본인 일에나 쿨하세요,1
@user-gr8mr5df9s,언니 검정머리 이뻐요,0
@youriseee,한별님이 자기가 벌어서 다 산거라고 생각하니까 존나 멋있어,0
@user-zu1se5ih7c,부럽긴하네요어렷을때부터 캐나다유럽여행네덜란드,0
@quadruplefilp,마인드 닮고 싶어요 영상 보길 잘했네요 ㅎㅎ,0
@user-so5zm1zt9m,한별님 자체가 그냥 명품인거 같아요 저런 댓글에 좋게좋게 본인 할 말 의사 말하기 어려운데 차분하게 이야기 이어나가는게 정말 좋은 사람이라는게 느껴져요 유튜브에 많은 분들 보면서 정말 상처받지 않았으면 하고 더 떴으면 하는 분은 처음인것 같아요 질투에 찌든 사람들 신경쓰지 말고 영상 앞으로도 많이 올려주세용,0
@dy_yyoon8271,오랜만에 뵙는 한별님 영상이네요 화장품 좋아하는 흔한 취준생에서 한별님 영상 쭉 보고 있었는데 이젠 직장인에서 엄마까지 되었습니다 ㅋㅋ이제 다시 한별님 영상 보러 올게요 ㅋㅋ우선 역주행해야되겠죠열심히 좋아하는거 하시는 모습에서 전 또 힘얻고 갑니다미모는 여전하세요,0
@user-jg4hq1jd7y,이렇게 예쁘고 대답도 똑부러지게 하시다니 다 갖춘 한별님입니다답변들 너무 공감되구요악플에 대한 의견은 더더욱 맞는 말씀이라 생각해요,0
@aussieboi814,언니 신고할 거야혼인신고,0
@HAPPY_CHOONSIK,악플 무시하라는 건 너무 무책임한 말 이라는 것 이제는 느끼셔야 합니다 악플 다는 사람이 나쁜 겁니다,0
@user-mo8ye5uy6v,말을 어쩜 저리 잘하지  의사표현도 예쁘고 똑부러지게 한다,0
@user-jk9en8su1m,민감한질문들도 조곤조곤하게 잘 이야기해주시네요 이영상보기전에는 그냥  금수저유튜버인가보다했는데 이 영상보고 나니 마음이 바꼈어요생각보다  훨씬 더 멋있는 여성분인것같네요 악플신경쓰지마시고 늘 좋은영상부탁드려요,0
@user-jp9ym5nj7w,아니 한별님이 뭘사고 뭘 먹고 다니는지 그리고 그걸 누가 샀는지가 그렇게 중요해요 하그리고 자기가 사고 싶은거 자기 돈으로 사겠다는데 뭔 상관인지 잘모르겠어요 그것도 자신의 노력으로 번 돈으로 사는 건데도 말이죠 그리고 한별님 영상 마지막 부분쯤에 보면서 정말 속상했는데 솔직히 무시하라고 했던 그분들 있죠 제가 봤을 땐 그사람들도 실제로 자신에게 이런 말과 글들이 쏟아졌을때 절대 무시 못할꺼라고 생각해요 그러니까 한별님이 이런 글들에 상처 받을지는 잘 모르겠지만 저는 한별님이 좋고 한별님 영상들도 정말 좋아해요 그러니까 한별님이 상처받지 않고 계속 영상 올려주셨으면 좋겠어요음지나가는 별별이 한마리가,0
@won042522,구두 영상 찾아보다가 우연히 보게되었는데 말씀도 논리정연하게 너무 잘하시고 일단 멘탈이 너무 멋있으세요 닮고싶어서 구독했습니다,0
@moomoo_8891,가끔 영상 뜨면 봤었는데 이거보고 너무 마인드가 좋고 멋있어서 구독햇어요,0
@user-bq5hf9vn1t,킴닥스님 댓글보고 궁금해졌는데 말랑해보이는 베개 어디껀가요,0
@user-re5ix2zm2e,댓글이야기가 특히 공감되요,0
@Helenasaeng,인종차별부분 너무 공감가요 저는 일년 살았는데 정말 폐쇄적이고 자국 문화 프라이드가 굉장히 강하구 어느 정도 스페인어 해서는 무시하는 경향이 있긴하더라구요그래서 용기 내는데 시간이 오래 걸리더라구요,0
@user-hl7bw3sc6g,안좋은 말이나 악플 같은거 다 신경쓰지 마세요  어짜피 그런 글들 다 사회 부적응자나 언니 보다 훨씬 잘나지 못한 사람들이나 쓰는 거니까 그런거에도 화이팅 하셨으면 좋겠어요  항상 응원하는 구독자들 넘치니까 지금처럼만 해주세용,1
@happyoung01,유튜브 수익말고 명품 살 수입원이 따로 있는지 궁금해요 그냥 궁금합니다 제 상상으로는 어렸을때부터 세뱃돈 저축하고 제태크부동산 이런거밖에 안떠올라서 아 스페인어하시니까 통역으로 버실 수도 있겠네요 근데 채널 특성상 구체적인 답변은 받기 힘들것같아서 구냥 계속 궁금할것같네여,1
@user-wt5cb8gi3m,언니가 노력한만큼을 보지 않고 겉으로 보이는걸로 다 판단하는 사회 진짜 싫다,0
@godqhrwntpdy7229,언니 너무 좋아용 사랑해요,0
@haeri5824,마인드너무좋다,0
@user-in6sk5re8q,그냥 마음이 가난한 사람들이 있어요 남잘되면 끌어내리려고 하는 부류잘하고 계세요 백퍼 이해함 자기 열등감을 왜 남한테 풀어 ㅋㅋ 부럽고 사고 싶으면 돈을 벌어 그시간에 ㅋㅋ,1
@user-on3dm2iw9z,아 진짜 질문들ㅋㅋㅋㅋㅋㅋㅋㅋㅋㅋ 정말 미룰만한 질문이네요 어이가없어서,0
@hereisflag,보는 재미있는 예쁘고 즐거운 영상 보는거 너무 좋아요 쓸데없는 댓글에 너무 상처받지 마세요,0
@hereisflag,진짜 머저리들 댓글 다 스킵하세요 어디나 또라이들은 있잖아요 사람마다 사는 환경이 다르고 생활수준이 다른건데  돈으로 사람 수준을 나눌 수는 없겠지만 나쁜 댓글 쓰는 사람들은 수준이 낮은 사람들이네요,1
@user-er6xu8cd1p,언니 유트브를 하려면 장비나 준비해야 할것도 많고 원래 삶의 패턴이 좀 변동된다 해야하나힘드셨을텐데 진짜 괜찮으시다면 언니의 스토리를 좀 들려주실수 있나요언니 완전 제 롤모델이시고 저도 언니처럼 되고 싶어서요,0
@notyourbabe2826,환멸 한별님 얘기를 듣고만 있는데도 스트레스  뭘하든 걍 좀 냅둬라,0
@haoni2227,한국은 이중국적 안되는데 그러면 스페인국적인건가요 그럼 한국올때 비자 그걸로 해서 오셔서 사니느건가여 궁금해영,0
@haigabavtqqtfafahg,와 스페인 가고싶다고 했다고 바로 이민 갈 수 있는 집안  부럽다,0
@Chaechae1313,444724 아 냐아아아악이라니 냐아아아아악이라니 너무 귀여워요 진짜,0
@user-sx2qq1cb8f,하 시원해한별님 넘 시원하다구요,0
@user-so8se1em6e,힉 언니 이 영상에서 넘 이뻐요 원래도 와안전 이쁘신데 깜짝 놀랐네요 예쁘셔서,0
@J_cxxc_K,한별님께 원래 한 사람들은 안한다 졸부겠지 이런 말 하는 사람들은 본인들이 한별님보다 경제적인 부분에서 부족해서 한별님이 부럽지만 그걸 부럽다 하기엔 자신들의 값어치가 떨어진다라는 생각이 드니 그러는 거예요 열등감 때문이겠죠 그 사람들은 자존감이 낮기 때문에 한별님께 비꼬면서 말하는거니 기분 나빠지는 말들은 그냥 가소롭다 생각하셔요 진짜로 악플이나 다는 가소로운 인간들이니 혹여 한별님이 저런 말들에 은근히 상처 받으실까봐 남겨보아요,1
@user-on4fh2bt1i,패션하울 보다보니 관련영상으로 영상도 떠서 보게 됐는데 패션하울 영상 볼때도 느꼇지만 말 정말 잘하시는듯 생각하시는 것도 확실하시고 멋있으세요,0
@sola2649,금수저든 아닌듯 신경끄고 본인들이나 잘하시길,1
@konggogi6287,한별님 가치관이랑 멘탈도 너무 좋으신거같고 말도 조근조근 잘 하시네요 너무 좋아요 영상 잘 봤습니다 앞으로도 화이팅하세용,0
@mingbaey8026,한별님 영상 속 니트티를 찾으려고 정보란의 주소를 누르면 자꾸 오류가 나길래 직접 사이트에 들어가서 찾아봐도 무슨 옷인지 안보이네요 알려주실 수 없을까요,0
@Jerome911,진짜 다 맞말이야,0
@jjunglee3015,오늘 처음 구독하며 대리만족하고 있는 구독자입니다 다른게 아니라 영상을 보면서 왼쪽 목 부분이 살짝 튀어나온거 같아서요 초음파 검사 한번 받아보셨으면 해서요 전 의사도 간호사도 아니지만 조금 걱정이 되어서 글을 올려봅니다 악플 아닙니다 절대 오해하지 말아주세용,0
@jiun222,본인 능력이 있으니 그에 맞게 소비를 하는 것이지그만한 능력을 얻기 위해서 노력은 없고 1도 이득도 없는 정신승리 글들로 인생을 살아가는지백날 하울 영상에 댓글 써봐바뀌는게 있는지남는건 한심하고 초라한 자신 여전히 그대로일텐데,1
@user-yj8kd9nc4h,언니진짜 뜬금없지만 이 영상에서 입고 있는 옷 어디서 사셨나요 제가 고민중이였던 옷인데 같은 옷이면 사려구요 어디 건지 알려주세요 젭알요 영상과 관련없는 말 해서 죄송해요,0
@user-wv3li6mg5y,2만2천원 티가 금수젘ㅌㅌㅌㅌㅋㅋㅋㅋㅋㅋㅋㅋ,1
@zxmnf51,금수저 질문에 우문현답이넹 호감상승,0
@yeeun7001,오오옹 한별님 얘기들으니깐 스페인여행 가보고싶네용 한별님이 사랑에 빠질만큼 이뻤던 스페인이 궁금하네용ㅋㅋㅋ,0
@Cherrylove1,말 진짜 잘하신다 대박 금수저에 대한 모범답변이네요,0
@aradda555,똑똑해,0
@rlacl101,이만이천원은 일반인도많이살수일는데 그리고 패션뷰티유투버들이 보통은 중산층은된다고 그러더라구요 부모님이 외교관이거나 큰사업하시거나  그런경우 금수저는 그냥 티비에나오는 재벌2세겠구 그냥 중산층으로 생각하는게 맞는거같아용,1
@rlacl101,내여친은 저러지않아서다행이다라고 말하는 놈의 여친님 너무불쌍해  도망가세요,0
@jiyeonjeon1147,걍 신경쓰지말고 하고싶은데로하고 사세요,0
@jyou.-3993,아마 상실감과 박탈감이지 않을까 싶네요한별님의 노력보다 명품과 산것들만 보이니까요그냥 사람심리인거 같아요저도 이런걸 크게 생각하지 않고 사람의 삶이 다르고 나만 열심히 살면 된다고생각하던 사람인데 요즘 그렇게 생각 안들때가많아요 이건 그냥 그렇게 살수없는 사람들의 자격지심이라고 생각해주세요 그래도 저는 그냥 저랑 다른 사람이라고 생각하려고합니다,0
@user-ks3bu6uy4x,우와백조비유 너어무 신선햇어요좋네요,0
@user-ll2nd3ck7o,남이사 명품이있던 그걸 선물을 받던 먼상관이죠남들한테 뜯어낸것도 아니고 열등감때문에 열폭하는걸로 보이고 추해보여요,1
@moonblue9344,나도 샤넬 클래식백 여친사줬는데 뭐 잘못됨ㅋ 갖고싶다하면 사줄수있으면 사주는거지,0
@user-ok1qj9lb4f,야 니네 여친도 명품 받고 싶어 받으면 좋아해 근데 그게 너한텐 너무 큰 돈이라 부담스러워하는거야 너가 돈이 없어서 이런거 아까워해서 니 여친은 명품 안좋아해서 다행이다 이러는게 아니라 못해줘서 미안해하라구 니네 여친 정말 불쌍해 여친이 명품을 좋아해서가 아니라 너네한테 그정도밖에 가치가 안되는거같아서 안쓰럽다구,1
@melodyk4960,선물을 받든 내가사든 남의 일인데 왜그렇게들 지나친 관심을  한별님께서 유튜버를 하신덕분에 저는 한별님을 만나서 기쁘지만 다른 한편으로는 그에 따른 고충들이 있어 안타까워요,0
@user-wh5bn9dq3o,이 영상에 싫어요한사람들 다 그남들인가,1
@user-ns4oy7bq5t,개인적인질문은삼가시다,0
@ilikeu0312,자기 기준대로 남을 판단하는 사람들 열등감표현이죠 무시하세요 한별님 말씀 일일히 다 공감가는 말들이에요,0
@_philosophie,6211021 진심 뭔상관임 자기네들이 ㅋㅋㅋ,1
@user-lj8sl4cc1j,아 진짜 우리 한별님한테 무례한 말좀 그만 멈춰주세요  상처받은 마음은 영원히 잊혀지지 못하는데 잊고 신경쓰지 않으려고 노력하시는 한별님의 모습을 볼때마다 저도 너무 속상해요  제 3자의 입장에서만 봐도 그런 무례한 말들을 보았을때 가슴에 팍팍 꽃히는데 본인이 직접 자신에 대한 무례한 말들을 들었을때 어떤 수만가지의 기분이 들겠어요  질문도 경우있게  생각이 있다면 생각을 하고 댓 달아주셨으면 좋겠어요  저도 앞으로 한별님을 포함한 모든 유튜버 분들에게 댓글을 달때 한번더 읽고 생각해보고 달아보려구요 그러니까 여러분  댓글 달때 제발 우리  생각좀 하고 댓을 답시다,0
@user-nd5qz1pu7p,큐앤에이 영상들의 답변들 다 들어보니깐 언니 마인드가 너무 존경스러워요,0
@user-nd5qz1pu7p,아 진짜 속 시원해요 언니,0
@BTSlover-hi7uv,와 오랜만에 언니 영상보는데 말씀 너무 잘하시고 많이와닿았어요 그동안 많이 속상하셨을것같고 고민많이하시고 영상올려주신것같은 느낌이 들어요 속상해하는 사람에게 예민하게 굴지말라 혹은 그냥 무시해라 등의 얘기를 하지 않는 것 잘못한 사람에게 잘못했다고 같이 말해주는 것 중요하고 명백한 진리인것 같습니다 한별언니 화이팅,0
@babyheejins22,한국에와서 친척집에있었던 자체가 부모님 도움으로 인한 경제지원이 라면 지원이 아닌지요 지원 안받은 척한게 굉장히 모순적자취를 하게 된 거도 모호하게 말씀하시네요,1
@hooselene7834,말투나 생각하시는 모든것들이 정말 제스타일입니다영상들 쭉봤어용멋있으세요채널구독을 잘안하게되는편인데 한별님 채널구독하고갑니당앞으로도 좋은 영상 기대할게요 화이팅,0
@scarletoh3937,한별님 직업이뭐예여,1
@user-bn6ot4cv2s,여러분 저 5만원 짜리 겉옷 샀는데 다이아몬드 수저라고 해주세요ㅋㅋㅋㅋ아니 2만2천원 짜리가 왜 금수저,0
@user-kf2zp5qr4o,먹방 또 올려주세요,0
@user-vw5zc5pg3s,그리운 예몽님,0
@user-jx5zk9cf1z,보고싶다,0
@user-hj5bg7bu9s,364919583238,0
@Retu509,보고싶다 언니,0
@Sarah-rb8ck,ㅋㅋㅋㅋㅋㅋㅋㅋㅋㅋㅋㅋㅋ영상 초반에 ㅋㅋㅋㅋ머리 뭔가 웃기다ㅎㅎㅋㅋㄱㅋㅋㅋㅋ ㅋㅋㅋ,0
@user-ug6jx8sr3w,잉잉 인기순으로 쭉 보고 있는데 넘 귀여워요,0
@useruseruuuser,혈관이 살려달라고 외치고있네 혈색 ㄷㄷㄷ,1
@user-hb6ne3tg4j,우와 음식을 앞니로만 씹는걸까 아니면 앞니로 씹는 착시현상인걸까 신기하네,1
@user-Iqb3dab15b,타고난 이목구비가 예뻐요 절대 못생긴 얼굴이 아닙니다 코도 성형 안해도 되는 코고요 코수술같은건 답도없어요,0
@user-bc3gd8xm6t,치워,1
@beauta952,귀여워용,0
@love-rz7sn,돌아와요 예몽님,0
@agg_egg,정훈공주 닮으셨어용,0
@user-jb5vr9xz2v,ㅋㅋ 왜 댓글수준이 이렇게 될수밖에 없었는지영상에 고스란히 담겨있네,1
@DR-oq9sq,땋은 머리 완전 귀여워용 몽골소녀가타요,0
@ganzisonyeo,와 다이어트 자극 ㅈㄴ 잘된다,1
@user-qq9ce1sd7s,근데 엄청 많이 먹는거같지 않은데,0
@user-sy2to4or6r,예몽 언니 전 이제 알았는데 왜 그만뒀어용 옛날 영상 정주행중,0
@suyoungkim1073,왜 앞니만 쓰나요,1
@user-wt9yj7in1c,최고영상 삭제 하지 말아주세요,0
@user-ng2kv3kl5r,차분한 성격 부럽소,0
@user-zj1mn6ho6m,지금보니 혈당에 최악인 음식만 들이부었네 초밥 국수 아이스크림 도넛 김치전 빵 치킨 김밥 ㅎㄷㄷ 음식 먹자마자 얼굴 벌겋게 되는 거 소름,1
@user-pe4ev8kd1n,몇년생이세용,0
@user-ci6ur2fg3g,예몽님 보고싶엉 젼 아몬드 봉봉이 조아요,0
@user-ig5mz3sj6z,졸귀 뭔가 푸근하고 귀엽다 내 딸이면 엄청 귀여울듯,0
@o3o__1996,앞니로 씹나,1
@user-je7kc6ro2x,귀여우셔요 ㅋㅋㅋㅋㅋ,0
@user-hy1yd4cj1w,나도 치킨 먹을 생각만 하면 텐션 오르고 설렘 넘치는 사람으로써 저 행복감을 알지 대리만족 하구 갑니다,0
@user-lt9yn2bg4r,김치전 때깔 미쳤다 진짜 이 영상 거짓말 하나 안보태고 100번 넘게 봤는데 볼때마다 침 좍좍흘려요 진짜루,0
@cocoahappy,364939039 아닛 연어초밥 하나만 연어가 되게 작은거 너무 웃기고 귀엽닼ㅋㅋ,0
@EJLee-pe2ky,제 최애는 바람과함께 사라지다,0
@user-lh8jj8cw7d,목소리 힐링되는거같아 좋아요,0
@user-bt5zu7gi7w,진짜 너무 맛있게 드시는 예몽님,0
@user-zs9kp7ge2y,귀여우세요,0
@user-gq7gf7cp4k,언니 이 영상만 열 번은 돌려 봤어요  이렇게 긴 먹방 브이로그 찍어 줘요 이왕이면 집밥으로,0
@user-km4ot2hu1r,슈팅스타요,0
@Makeyoufeelmylove1124,피부 붉게 올라오신거 혹시 피부나 몸에 이상이 있으신건 아닌지 걱정되네요 피부과를 가보심이 어떨까요,0
@gaeulS2,364919693249 진짜 ㅁ맛있겠다,0
@user-wu2lh5my4k,머리색 개이쁜데 무슨색이지 애쉬퍼플인가,0
@button_Danchu,엄마가 뒤에서 꼬물꼬물 머리 따셨을 생각하니까 너무 귀여우심ㅋㅋㅋㅋ,0
@user-bi6mt2dd4o,평소에도 느꼈지만 미나상님이랑 닮으셨어요,0
@Fuckckck,나도 살쪄도 저렇게 예쁘고 싶다다이어트 때문에 스트레스 미췬,0
@user-zs2eg2xk3j,이거보고 치킨 시켰다 하 못 참겠다,0
@user-yq8ie1wh8b,나도105키로나가다가 65까지 40키로빼는데 2년걸렸는데 이분도 살빠지면 약간김고은삘 날거같으면서 이쁘장하실듯,1
@user-zy1qw8te6h,안정감있고 끝날때 까지 끜난게 아니다 할때젤 조음ㅋㅋㅋ,0
@user-vp1il2eg1k,크리수탈 닮음,0
@KwonPro_,36497601240 ㅆㅇㅈ ㅋㅋ,0
@user-hg1em5ix8h,화이팅 응원합니당 나중엔 건강식 위주 먹방도 보고 싶어요 ㅎㅎ,0
@user-xn9gp7em7c,귀여워여,0
@user-ne5fu9bg3s,364910611741 이뻐요 깜짝놀람 갑자기 이뻐져서 귀걸이랑 머리색이랑 찰떡이고 화장도 이쁘게 잘하시네요,0
@user-ip8oe9pf6i,앞니로 씹는 소리 너무  별루에요 어금니로 씹어 드셔 주세여,1
@ppuring9s,한번에 다먹은줄 별로 안먹네요,1
@user-rw5yp9lc8l,본인도 귀엽게 생긴거 알고있죠,0
@user-te5kr9pr3b,영상 너무 중독되는거같아요  다이어트중인데 언니 덕분에 즐거워요ㅎㅎ,0
@Oraeboja,전반적으로 깔려있는 스폰지밥 의 흐물텅흐밍뮁멩한 이 너무 조아여 ㅎㅎ 예몽님 영상 정체성과도 잘 맞는듯ㅋㅋㅋㅋㅋㅋ 계속 찾게되는 영상이예요,0
@user-ti8gy7ev5f,대라만족 굳잡,0
@kim35177308,앞니로 음식 씹으면 치아건강에 안좋아요 어금니로 씹으세용,0
@user-lw3yy1ko2k,정말 걱정되어 남겨요 몸 생각하면서 음식조절하세요 건강검진도 받아보시구요,0
@Choi_Seyeong,먹방은 예몽이랑 햄찌님이 최고인듯 다른 먹방들은 예쁘게 플레이팅하고 예쁜 조명과 함께 먹어서 봐도 별로 먹고싶은 생각 안 드는데 예몽은 너무 현실적인 먹방이라 더 맛있어보임,0
@user-bs4qe3uh9m,당 진짜 많이 먹는다,1
@user-fq5gr4df8u,알수없는 알고리즘으로 왔는데 40대 이모가 보기엔 너무 너무 귀엽네요 ㅎㅎ다이어트는 장기전이니까 너무 스트레스 받지 말아요,0
@user-wl7gc3wb4y,아몬드봉봉입니다만 배라 끊었습니다 운동시작하구 아이스크림 손이 잘 안 가더라구요 ㅎㅎ 맛있게 잘 드시네요부럽당,0
@dianas8141,왜 다른 포테킹 영상보다 이 영상에서 더 포테킹이 먹고싶어지는걸까여,0
@barsu3896,내 모습같아서 거울치료됨,1
@huijaemun,예며들었어요,0
@suziekim512,물을 많이 마셔요 귀여워요,0
@user-bn9fw3hz4o,예몽님 너무 이쁘세요  여신,0
@user-tx1fg5bp9e,개그맨이수지닮았네,1
@user-jd7hl8le9g,아니 연어초밥에 연어 두줄 띡 올라가있는거 개웃기넼ㅋㅋㅋㅋㅋㅋㅋㅋㅋ,0
@user-gn5of1hx3m,인트로 구슬에 꿰인 실같은 머리네요 ㅋㅋ,0
@cathys9443,귀여워요,0
@Xhfl600,다른걸 다 떠나서 자존감 꺽이지 않게 해주는 엄마가 있는게 부럽네요 저희 엄마는 딸이 아무리 괜찮아도 단점만 콕집어 일깨워주며 다운되게 하시거든요 그럴때마다 진짜 엄청 자존감이 낮아집니다,0
@user-ux7zj1uk2r,예몽님 이때 브이로그처럼 먹는 브이로그 많이보고싶어요  계속 재탕중임 자취하는데 그냥 틀어놔여 좋음,0
@fhfkapfmtldp,차분한 군자의 먹방이 있다면 이런것이군요 머리도 웬즈데이같고 잘 어울리십니다,0
@user-jd4cx4zo6m,예몽님은 입이 엄청 작으신 것 같아요,0
@hyunahekim,예몽님 너무 귀여워요  자주 올려주세요 보고싶어용,0
@user-tk5nj4uk8l,저거 포테킹 겁나 맛나보인다,0
@user-wv4oz9yp4f,오랜만에 영상 정주행 하는 중인데 새삼 진짜 너무너무 위험한 식습관이었네요 식사그마저도 초밥에 잔치국수 조합이라 탄수 비율 높음 후 아이스크림이나 케이크 같은 디저트는 꼭 꼭 들어가 있고 저녁에 치킨 먹을 예정인데결국 점심에 먹었지만여 점심을 아이스크림으로 때운다든지 그랬기 때문에 한 순간에 건강식으로 식단을 확 바꿔야 하는 상황이 많이 스트레스였겠지요 그래도 인생 기니까 건강을 위해 앞으로도 식단관리 화이팅 합시다,0
@pl2y109,먹는 모습도 좋지만 일단 건강을 위해 살부터ㅈ빼는게 어떨까요115이라는 체중은 결코 정상적인 체중이 아니란거 아시죠,1
@cIockworkorange,원래 몸매 가꾸는건 식단 80퍼센트 운동 20퍼센트인데 조절 잘하셨음 좋겠네,1
@user-cc6hf4ch5n,뭐야 이분 첨보눈데 개귀엽네,0
@user-rj7hl5em1h,첫번째장면에 핑크색옷이 젤 잘어율랴요,0
@user-iz4nj5qq8y,364919363216 롯데리아 컵 가져오신 거 아니죠,0
@borakang6324,너무귀여우시다,0
@user-nx1ub1pk6x,항상 예몽님 긴 영상들은 다 끝까지 보게되용 너무 재밌어용,0
@hyesoo_yu,밤만쥬 닮으셨어요,0
@user-ed6kx3zp6j,이모 영상 잘 보고 있어용 건강을 위해조금씩 빼구 앞니로 음식 씹지마용,1
@kim-yg5ft,의외로 빼는건 쉬워요사후 관리가 중요하다는것은 다이어터들은 다 알고있을건데요,1
@user-pk5bn6ff2m,애기같아용 넘 귀엽 사랑스러움 포테킹치킨 저는 생각보다 너뮤 느끼했던 기억이 있는데 먹는거보니까 다시 시켜보고싶은건 무엇ㅎㅎㅎ,0
@user-cj3kt5rx4q,복스럽게드시네요,0
@user-gb3mz9fs1j,음식이랑 같이 화면에 나오게 먹방  찍으면 더 좋을거같아요  늘 잘보고 있습니다,0
@user-yo7gb8vd1t,보고 있으면 마음이 편안해진당,0
@PSMX,이거 제발 지우지 말아주세요 제 최애 영상임,0
@user-ik6fo7rt1x,예몽님 잘먹는 모습이 보기 좋긴 한데 너무 걱정되요 건강하게 식사해주셨으면 좋겠어요,0
@user-fp4us8tb3i,건강이 정말 안 좋아 보이네요 부모님 생각해서라도 살 빼시는 게 좋을 것 같아요 이거 보시면 참견이네 뭐네라고 생각 하실 수 있지만 건강해지길 바라겠습니다,0
@user-nk7hk9xe6c,진짜 예몽님 먹방은 매력있는 것같아요 급하게 먹지도 않고 먹을 때 입을 벌리시지도 않구 넘 좋아요,0
@user-eb8vz6ob6u,친구라고해서 내 취향을 알아주진 않던데  좋은 사람 옆에 좋은 사람이라더니 멋져요 언니,0
@user-vb6cw4ml9d,저렇게 먹고 싶은거 먹어주고 감량도 천천히 하고 있고 아직 어리신거 같은데 조금씩이라도 뺴면서 몇년이 걸리더라도 목표하고자 하는 바를 이루셨으면 좋겠네요,0
@user-hq6kl5kb6k,초고도비만인데 피부도 좋으시고 뭔가 음식 앞에서 성격도 안급하시고 사람이 안정감이 느껴져,0
@JJ-uo6du,전 되게 급하게 먹는데 천천히 먹는 모습이 좋네요,0
@user-xi6mw5zk3i,ㅋㅋㅋ처음에 머리땋은거 몽골학생같아요 ㅋㅋ,0
@user-gl1bc9jx3r,제 최애는 슈팅슽아,0
@user-cc7ut5wm3u,우울증인데 잘 먹는 사람 부럽다,0
@Lavina_korea,저런 어머니 있어서 너무 부럽다,0
@teeeeea6527,소스 발음이 신기하네요,0
@rinim,저의 최애는 촠나입니다,0
@user-oo5qm9de4b,이제와서 보니 영상에 복선이 많네요 그래도 예몽님 파이팅,0
@user-xh8sy5ji1f,364916292709,0
@mepre8367,공혁준 여자버전,1
@user-nk3zl1oh3z,사람이 언제 한번 씨게 깨닫고 각성하는 때가 오면 다이어트 성공할수 있는데,1
@user-py3th5pt9l,귀엽고 사랑스러우셔서영상 보는내내 미소지으며 봤어요,0
@user-wn8dd2yd3t,얼굴이 전체적으로 붉으시네요,1
@user-wk2ge5hy7x,아 보노보노 귀여웡 먹방븨로그 재밌어서 계속 보게돼요 정주행 시작,0
@user-ou3zb6yt2y,잔치국수 김치전 진짜 맛잇겟다,0
@user-fc5hm3sy9l,좋아  진짜 너무 귀여워,0
@user-se2jy6yt3d,예몽같은 친구있었음 좋겠다 맛있는것도 먹으러가고ㅋㅋ 얘기만나눠도 재밌을듯,0
@user-cz6mr5me3m,잘 드시니 좋네요,0
@user-hy5md6ym1p,실화냐,1
@user-fy7bk6ld6m,예몽님 혹시 음식 드실때 앞니로 드시나요 나쁜의도로 여쭤 본건 아니구 진짜 궁금해서요,0
@user-ek2yb7sy2c,예며든다 영상 잘보고있어요 정주행중,0
@eddiehigginstrio,예몽님 영상 보니까 너무 행복해져요 저랑 나이가 같은데 긍정적인 에너지 얻고갑니다항상 행복하세요,0
@user-sj8zk7bo2e,364910631743 귀걸이 예몽님이랑 너무 잘 어울려요 정보 알려주실 수 있나요,0
@user-ek7kr7bo9b,이때처럼 잘먹는 모습 보고싶당  아쉬웡,0
@user-ey2zp5th6y,언니너무 이쁘고 귀여운거아니야,0
@user-pt3hg4dl7l,건강을 위해  조금씩,1
@user-kt9ck8jk1l,에휴,1
@oo2688,예몽님 영상 안올리셔서 이런거라도 보는중이에용 보고싶다,0
@user-vt2cc2js9r,요즘 스트레스로 몇 주동안 잘 못 먹고 식욕이 돌아오지를 않는데 이거보고 이 새벽에 스시를 주문 했습니다ㅎㅎ 예몽님 안지 이틀 됐지만 영상 보고 있는 동안은 감정소모 스트레스로 예민해지고 우울한 기분이 없어지고 차분해져요 영상 잘 보고 있어요 감사합니다,0
@user-fu6pk2kc9u,36499541554 도넛 364915302530 스타벅스 카스테라 364919583238 치킨,0
@haipo813,제 베라 최애는 러브미용 베리맛인데 맛있어용ㅎㅎ,0
@user-es2oc1zf6d,바고파서 잠 안올때 먹을까말까 할때마다 보면 도움되는 영상1위,0
@rtyt9601,전 예몽님처럼 조곤조곤하게 먹는게 좋아요 진짜,0
@user-qr4ce7vg5w,앞니로만 씹는느낌 저만그런가요,1
@user-yq4sq5ck2s,왜 귀여우신가요,0
@glory3573,먹방재밌어요,0
@user-rz8wx3oj5p,피부가 진짜 좋으세요,0
@user-jh4zq1ue4d,아침 공복부터 쥬스 케이크 도너츠는 넘 당도 높고 헤비하긴 하다,1
@ammds2411,댓글들 왜이리 다 가식같지칭찬인데 칭찬안같고 비꼬는거같아요 어쨌든 가족이랑 화목한모습 보기조아요 친근감도 들고 그러네요,1
@goldenkkunk,어머니 정보좀여부럽다,0
@shsiaknd5442,예몽님 조금씩 말고 입 크게 벌려서 한 번에 드셔주면 대리만족 될 거 같아요,0
@yellowocean4630,커뮤에서 보고 어쩌다 영상 보는데 되게 특이하게 씹어 드시네요 거의 앞니로만 씹으시는듯,1
@reina9912,천천히 먹는거 넘나 기특하고 이뿜 ㅋㅋㅋㅋㅋ,0
@user-nf6zh3lp1v,예몽님 포테킹 드시는거 보니까 저도 먹고싶어졌어요,0
@user-tw7zg1zf3e,헐사빠딸저도 맨날 그것만 먹는데ㅋㅋㅋㅋ 진짜 맛있어요,0
@Taifish,다이어트하면서 잘 보고있습니당 욕하는 댓글 다 무시하시고 10000칼로리 챌린지 해주세여,0
@hdyyyyyyyyy_,언니 배고파졌어요,0
@user2selected,역시 꿀조합을 잘 아는 녜몽님,0
@jayn-sr1wo,하아 저녁으로 땅땅치킨먹었는데 배고프자나영  ㅎㅎ 잔치국수에다가 연어초밥   어오 침고이네용ㅎㅎ저도 뷔페가면 연어만 조져요 ㅋㅋㅋㅋ,0
@user-xq2zp1jn5b,현기증나요,0
@user-kk6bq1dp8s,옴뇸뇸 먹는게 넘 귀여워용,0
@Zmzmxn,한가득,0
@user-ku1yl4ci9t,ㅋㅋㅋㅋ,0
@SooHwan-ot4mf,예몽님 혹시 연어 어디서 사드시나요 비릴까봐 함부로 못 사겠어요,0
@user-ge8yy2xz4z,예몽밈 마라탕도 드셔주세요 넘 귀여우세요,0
@sing_370,우와 진짜 맛있겠다 참 고인다,0
@ch-od2ho,지금 머리가젤 잘어울령요,0
@user-mv8hy3cg4m,다이어트말로만 중인데 몸무게는 안줄지 치킨은 먹고싶지 우울해하면서 돌아다니다 밝은 모습 진짜 너무 좋아서 시간가는 줄 모르고 봤어요ㅋㅋㅋㅋㅋㅋㅋㅋㅋ매번 20 15 10 10 반복하는 다시어터인데 전 먹는걸 너무나도 좋아해서 살을 단기간에 확 빼도 음식을 먹지 않으면 결국 불행하고 우울해지구 삶에 즐거움이 없어지더라구요 무튼 지금처럼 밝은 모습으로 음식 드시면서 스트레스 받지 않는 선에서 주기를 정해 식단만 신경써 주셔도 조금씩 성과가 보일거에요 막 거창하게 39내일부터 굶게쒀39 하기보단 39내일은 간식포함 세 끼만 먹어야징39하는게 정신적으로도 장벽이 낮아져서 도움되더라구요ㅎㅎ 암튼 응원합니다,0
@user-cv3hv8mq3o,썸네일은 다리인가요 봉인가요,1
@user-nf1xn6uy4d,와구와구먹는것보다 야금야금맛있게 먹으니까 마음이편해요 ㅋㅋㅋ 좋네용,0
@user-kc1cm6bi9m,예몽님 진짜 예쁘고 귀여우세용 초면이지만 제로투 추신거 넘 졸귀,0
@user-ss3nk6vj2n,어쩌다가 보게되서 정주행 싹했는데 매  영상마다 왜케 이리 귀여울수가 있어요,0
@udaeng2,예몽님 긴 영상 감사해요 스킵 한번도 안하고 쭉 봤어요 꿀잼근데 이번 영상에서는 건강걱정 관련 댓글이 많네요짜증나시겠지만 그래두 다들 예몽님이 건강하게 오래오래 유튜브해주셨으면 해서 말씀하신거일거에요건강검진도 컨텐츠로 올리셔도 좋을 것 같아요응원합니다,0
@user-mp9zc4su4l,영상 긴거 정말 매우 붸리 스트로베리 블루베리 많이 너무 엄청 좋습니다,0
@user-bu2pi5oo3k,예몽님 화장 너무 예쁘게 잘했네요 잘어울려요,0
@user-rt7wg2ey8b,와 십키로빼셨군요 대단 차근차근 건강챙기며 감량하세요먹는 모습도 귀여워요,0
@Joy-zo5yo,심심할때 예몽님 영상보면 시간이 훅훅가요 먹방도 대리만족되고 드실때 행복해보여서 기분이 좋네용 매번 재밌는 영상 올려주셔서 감사합니다 화이팅,0
@My20052,이제 곧 3만명인데 큐엔에이 해주세용,0
@user-oq7ik6lz1x,피부가 넘나리 꿀광 피부네요 비결 같은 게 있을까요,0
@user-zj6cl3vz6y,얼굴이랑 옷이랑 커튼이랑 수저랑 베라통이랑 색깔 깔맞춤너무 완벽했다,0
@young-ni,저요 저 처음부터 끝까지 정주행했어요 키키 찐 옹심이 오늘도 잘 보고 갑니다 다음 영상도 기다릴게유,0
@user-ep4sr9yp6z,영상 긴거 너무 조아요긴 영상 자주 올려주세요,0
@user-yi4ei9kz9s,밥먹으면서 보면 같이 밥먹는기분이라 좋아요나긋나긋한 목소리랑 재밌는자막이랑 계속보게되네요,0
@user-ir2ke3cj9i,점점 어울리는 스타일 찾아가시는듯 으른스러워짐,0
@eunheekim887,3649507827 예몽님의 매력이에요  재밋어요 이대로,0
@user-xm2sm7zx9p,예몽님 어머니가 만드신 김밥 너무 맛있을 거 같아요 아쉽지만 저는 만들지 못하니 치킨을 시켜먹어야겠어요ㅎㅎ 항상 옹심이들 댓글 읽어봐 주셔서 너무 감사합니당,0
@mattlee12,음 멈출수없어,0
@only6542,머리 후드끈인줄ㅋㅋㅋ귀여워요ㅎ,0
@user-pl9ls8uv5l,몽언니 눈썹화장 너무 제스타일이에요 퍼컬 진단받으시고 확 맞는 스타일을 찾아가시는거 같아서 저도 받아보고 싶어요 ㅎㅎ 오늘도 내일도 행복한일 많으시길,0
@user-is3vh4of8d,364910491729 이때 눈썹 되게 잘그렸어요깔꼼허니,0
@user-iq5um3ct2o,영상 길어도 끝까지 다보는건 예몽깅뿐,0
@user-hz5nx5ys8r,맛나게드세요 잔치국수 자주해주시구 하먹어도 진치국수 맛인 나요,0
@user-zo9wn9vw9s,머리 딴게 더 잘 어울려요,0
@user-zh4hl7ud7n,아니 첫 장면 몽골에서 뛰어노는 꼬마아이 같아요 너무 귀여워요,0
@user-dl6qv1fx9m,맛있겠다,0
@user-uz2ei4pt4w,예몽님  영상 넘 재밌어요 아껴 보고 있어요 ㅎㅎ 늦었지만 새해 복 많이 받으세용,0
@ekdlsdlekgpt,예몽님 영상을 보면 진짜 너무너무 힐링돼요 분위기랑 한번씩 나오시는 어머니와 대화 일상같은 영상 다 너무 좋아요 자기전에 침대에 누워서 보면 그게 행복이에요 영상은 길면 길수록 너무너무 좋아요 오늘도 쉬지않고 끝까지 다봤어요 항상 영상 감사해요 앞으로도 계속 보면 좋겠어요 아그리고 바뀌신 화장 진짜 너무 찰떡이에요,0
@fhsuzh,나긋나긋한 예몽님 넘 좋아요 집안 분위기도 따뜻해서 볼 때마다 힐링이에요,0
@user-yg3pm6st5w,39,0
@fxxkhiphop,영상 재밌으니까 더 많이 올려주새요  늦어도 되니까 먹방 영상 보고싶어요,0
@eom2998,진짜 뚱뚱하시네요정말 놀라와요,1
@user-mf3wz3lx9d,저 댓글 처음 써보는데  저랑 제 친구랑 언니 완전 팬이에요  친구가 맨날 언니 영상만 보길래 그렇게 재밌나  해서 보기 시작했는데 진짜 중독성 개쩔고 영상 보고 있으면 점점 힐링 돼요 나긋나긋한 목소리랑 옴뇸뇸 드시는게 너무 토끼같구 귀여워요 요즘 항상 밥먹을때랑 잘 때 언니 영상 틀어놓구 있어용 ㅋ ㅋㅎ 프리미엄도 결제했답니당 요즘 영상 자주 올려주셔서 감사하구 앞으로도 많이 올려주세요  길면 더 좋아요,0
@suna_aaa,긴영상 너무 조아,0
@user-ir3dk9zh8v,오 이번영상 화장 찰떡이네유,0
@user-ho5qz7zk1k,급하게 배고파서 치킨 시켜놓고 입맛 돋울겸 먹방찾아보다가 들어왔는데 왜 끌리는지 자세히는 모르겠는데 넋놓고 계속 보게되네요 ㅋㅋㅋㅋㅋㅋ 앞으로도 놀러올게요,0
@user-rw7zp9nn6q,사랑스러운 예몽님얼굴도 예쁘고 말하시는것도 예쁘고먹는것도 복스러우니 너무 예쁘세요 방송 오래오래보고싶어요,0
@user-fx5gn9kz5t,아유 귀여워 예몽이가 세상에서 제일 귀여워,0
@user-dx8ed4iz8c,와 근데 화장 너무 잘한다 이제 완전 찰떡임 ㄹㅇ 퍼컬이 있긴 있나봐,0
@user-pf9ne5iq1o,오랜만에 보는데 10 빼셨네요 대박ㅎㅎ,0
@user-rc2my4ib9d,화질이 더 좋아진 것 같은 느낌,0
@user-ug3pb2wx8y,예몽님 용돈 되게 많이 받으시나봐요부럽다 맛있는거 자주 먹을수있고  364910491729 이때완전이뿌요,0
@user-hw4gi9xc2e,피드백 다 받아들여져서 좋아요 편안,0
@user-hb3bl3ww1w,귀엽고 착한 예몽님 건강을 위해서 식이조절 하는게 좋을거 같아요,0
@user-ey2ti1zv3s,예몽님 오늘도 너무 잘봤어요  먹방하실때 라이브처럼 음식이 앵글에 같이 나오면 훨씬 더 좋을 것 같다는 의견을 조금 남겨봅니당ㅎㅎ 항상 잼난 영상 감사해요,0
@yj9013,긴 영상 너무 좋아여 덕질도 뒷전으로 미루고 보는 예몽님 영상입니당 ㅎㅎ,0
@user-qd3gr6hl8s,헙감동감동45분이라뇨5분씩 9번에 걸쳐서 볼 수 있네요 예몽님 2월달도 파이팅하세요,0
@user-ub2hb1wq6j,22일날 너무 이뻐요 화장도 찰떡이구요,0
@user-uc8ws5gc5l,언니 처음에 양갈래 넘나 귀여운 것   45분 너뮤 소듕해 아껴볼게요 고마워용,0
@deliciou_s_poon,언니 특유의 나긋나긋한 말투 너무 좋아용 천천히 먹는 것두 차분하게 말해주는 것도요오오오,0
@user-ub8si4ku1n,와 진짜 길다  거의 45분이네요 재밌게 볼게요,0
@IlOooovey0uSOooo,영상 너무조아요알라뷰,0
@yoo1023777,450분 짜리도 볼수있어 예모옹,0
@user-ib9yy5td9w,반다나 되게 잘 어울리실 것 같아요 빛 반사 때문에 반다나 하신 줄 알고 우와 잘 어울리신다 하구 생각했어요ㅎㅎ,0
@user-mf2yn2hl1x,밥 먹을 때 음식도 보이게 먹어주심 안될까여,0
@user-qk4sl8qq7c,저도 오늘부터 다이어트 시작하게되었는데 살이너무많이 쪄서 찌고 빠지고 반복이엿네요  하루에 한끼먹고 버텨볼라구요  화이팅 해봐요우링  너무 맛있게 드셔서 미치겠네요,0
@user-ow4px9py3r,이렇게 긴 영상 좋아요,0
@user-qx7hh2dl8k,아껴봐야지 언니 영상은 자기전에 보면 너무 좋아요ㅎㅎ 분량 최고,0
@user-vt7sr9cw7m,364926134333 저요오오,0
@miyaz3063,364915802620 저도 이거 스타벅스에서 제일 좋아하는 케이크에요 진짜 맛있어요,0
@Itsgeeeee,길수록 좋다구요,0
@choi289,맛잇겟다,0
@Budanhee,귀여워요 저도 다이어트 시작해서 매일 기록하고 있어요 오늘 점심때 잔치국수 먹었는데 영상보니까 또 먹고 싶네요 ㅋㅋ,0
@user-vt7sr9cw7m,요거트 31 완전 최애예요  영상 잘봤숩미다,0
@user-gi5ii4gg6f,진짜 살이빠져서 그런건지 염색때문인지 인상이 달라보이고 예뻐지셨음,0
@user-rn3vg9bi9u,땋은 머리 기여워요 볼까지 발그레한게 애기같아요ㅎㅎㅎ,0
@yaaaaayaaaaa,저는 바람과 함께 사라지다  사랑에 빠진 딸기  뉴욕치즈케이크 이 순서로 최애가 바꿨어요ㅋㅋ,0
@user-ie8eg6fo4l,예몽님 혹시 안 드셔보셨다면 스벅 초콜렛 크루아상도 추천드려용 안에 카스테라랑 똑같은 우유크림 들어있는데 초코맛도 나고 촉촉 보들한 맛과 바삭함을 다 느낄 수 있어용 꼭 드셔보세요  생크림 카스테라 좋아하시면 이거도 맛있게 드실 수 있을 것 같아요,0
@user-kx5fh3bu5q,예몽 영상은 항상 챙겨보는중 중독성 못잃어요  먹방 만 봐도 제맘이 풍족해져용 진짜진짜 먹는거 많이 찍어조요 넘 기여워요,0
@user-yp5pt5nc1k,예몽님 ㅎ진짜 퍼컬진단받고 화장실력 늘으신거 같아요 되게잘하세요,0
@gaon4561,예몽님 ㅎㅎ 영상 너무 좋아요 그런데 혹시 다음에는 이렇게 길고 예몽님 혼자 조용히 드시는 영상에  없는 영상도 한번 만들어주실 수 있을까요예몽님이 사부작사부작 드시는 소리를 더 잘 듣고 싶은데 영상 내내 배경음악이 깔려있어서 개인적으로 조금 아쉬웠어요  개인적인 의견입니다 ㅎㅎ,0
@qwsoeqls_4592,예몽님 천천히 꼭꼭 씹어먹는거 넘 부러워요  맨날 보기만 하다가 댓글 남겨보네용 앞으로도 맛있는 음식 많이 먹고 우리 행복해여,0
@user-jk3og3dw5p,이분 약간 크리탈 닮으심,0
@user-po1bj5ek7t,너무 사랑해요유튜브 보면서 언니 영상만 봐요,0
@user-xg3vq3pf3y,새벽여섯시에 잔치국수에 김치전 대박,0
@user-xy9rm9xv2y,머리 땋은거 넘 귀엽 어머님 잘 땋아주셨네용ㅎㅎ,0
@user-tc8yr8ky5s,예몽님 빅사이즈 쇼핑몰 리뷰같은 것도 해주시면 좋을 것 같아요 늘 영상 잘 보고 있습니다  항상 밝은 모습 너무 귀엽고 감사합니다,0
@beee2927,영상이 긴것두 너무 좋고 머리땋은것두 너무 기엽구 사랑스럽고 코로나 잠잠해지면 팬정모 이런거 하면 안되요 만약에 한다면 멀어두 꼭 갈꺼에용  나이 먹어두 덕질은 어쩔수 옶나바 예몽이 너무 좋당,0
@user-tc5gc3ne2d,영상 45분길이 개좋은데요 앞으로 또 이영상만 주구장창 볼듯해여,0
@user-xt3qf3hw6b,아껴봐야지,0
@strxwbxrry0201,헐 예몽님 기다렸어요  45분짜리 영상이라니 금요일까지는 너무 바빠서 못보고 토요일에 아껴볼게요,0
@0726es,사랑해요 사랑해 그냥 영상을 보는데 사랑스럽구 표현을 해주고 싶어서 남겨요 그런 사람 있잖아요 보고만 있어도 사랑스럽고 기분 좋아지는 저한테 그런 사람이 예몽님인가 봅니다 보고 있으면 마음이 따듯해져요 세상 찬바람에 시렵고 아픈 날 있더라도 예몽님을 사랑하는 사람들이 예몽님을 보고하루의 위로를 받는다는 것을 떠올리시며예몽님이 하고 싶은 것 건강하게 오래 이루시길 바라며 많이 웃고 많이 행복하세요,0
@babakim3867,예몽씨 우연히 본 하나의 영상으로 모든 영상 섭렵한 언니 팬이예요 넘 귀엽고 어머니도 넘 사랑스러우셔요 앞으로도 영상 많이 올려주시구 예몽씨는 앞니로 음식 즐기는걸 좋아하는거같은데 완전 중독성 있어요 ㅋㅋㅋ 저도 내일 앞니로 ㅋㅋ 먹어봐야겠어요 ㅋㅋ,0
@HJ-jt4if,늦은 저녁으로 지금 호랑이시리얼 먹고 있는데 판단미스였다,0
@user-nb1rm8cu1t,이번 머리색 완전 찰떡이에용이뻐용점점 더 예뻐지는 예몽씨롱런하자요,0
@user-fw9uq5gp3r,요즘 영상 많이 올라와서 넘 기뻐요 오늘도 잘 볼게요,0
@hyanggg,자꾸보게 되는 마성의 예몽님예몽님이 행복했으면 좋겟어요,0
@user-yh6eg3qj5t,예몽님 영상 자주 올려주세요 너무 행복해요  완전 팬이에요,0
@NeMBEEM,한동안은 이 영상 틀고 잠들겠네여0 긴 영상 넘넘 감사합니다,0
@user-zn1xe7ce4b,예몽 넘 귀여웡,0
@__sjjsjj,머리 땋은 거 넘 귀여워요,0
@user-rm7vh9dj2f,뉴진스영상 보다가 자동으로 짭진스로,1
@user-sm4bt6ql3h,마지막에  ㄱㄴ 잘춤,0
@user-tl2uf4nr5g,민희진에 욕심이 뉴진스까지 말아먹게 생겻넹,1
@TV-by4qc,여신인줄 ㅋㅋㅋㅋ,0
@TV-by4qc,원희 뭐임,1
@jkthox7393,뉴진스가 문제로 물러나는건 그냥 안타까운 일인데얘데들이 판지는건 도저히 못봐주겠다,1
@user-ni1ww1gq5q,타돌 덕질 10년 다되가는 타팬인데얘네 욕먹는거 보면 안쓰러움지금 돌판자체가 심하게 과열된것도 있고 사회분위기가 팍팍해서 그런지 사람들이 익명성이란 가면을 끼고 누구하나 죽을 정도로 공격하고 있음 에혀이것또한 지나가리라는 마음을 단단히 먹고 조금만 버텨주길 바람 대중은 생각보다 멍청해서 시간 지나면 자신이 한 짓들을 까먹거나 말을 고치고 그럼  데뷔초라 더 힘들테지만 조금만 버티고 자기자신을 갈고 닦길 바람노래 잘듣고 있음 힘내라 아일릿,0
@user-gw7kh4ki7s,아왜자꾸쳐뜨냐,1
@user-ql5rf1og1l,정국운동화 정국운동화,0
@user-pd6nc9vo7r,넘 사랑스럽구노래도 좋궁 진짜 모든걸 다가졌네,0
@user-xk2jx2bk1r,말왕보다 왔으면 개추ㅋㅋ,0
@user-ty9im3sn7f,난 저 모카라는 애 입모양이 왜캐 웃기짘ㅋㅋㅋㅋㅌㅌㅋㅋ 자석같은을 자속같은이라고 하고 너를향해를 노를향해라고 발음하는게 너무읏김,1
@user-vd9vq3pd9w,노래는 좋아 그외 다른게 다 문제라서 그렇지,1
@eqqq3272,지금이라도 말왕 막아야한다 원본 춤이 어색하게 보임,0
@user-di8oo1jj1o,민주 귀여워,0
@user-cv5zu7hy5v,사실상 이 쪽이 근본 아닌가 통수돌 보다야,1
@user-pk2kr8yn2f,얘네는 그냥 오디션 붙고 노래 부른게 다,1
@user-ni1kv1ce3o,뉴진스 묻어버리면 너네가 원조 되는거다  가즈아,1
@user-uo2wr3wu6q,윤아는 티에 치마입음 안되겠다 허리가 너무 길어,1
@mjlee2760,그냥 가수인가 싶음,1
@neojs2835,얼굴에 기미 주근깨 덕지덕지 개줌마미니진은 얘네들 왤케 싫어하는거냐,1
@user-zm6oy6xt5t,후보정이 ㅈㄴ대단한거구나,1
@user-zy9dy8jc6y,이분들 댄서인거죠,1
@user-fg4tj7st5g,ㅈㄴ 중독성 지림,0
@administrator2597,노래 진짜 좋네ㅋㅋㅋ 굿,0
@zohan4159,민주야 혼자 세탁기 돌리느라 고생이많다 젤이쁨,1
@user-zy9dy8jc6y,노래 빼곤 볼게 없네,1
@user-hy3zu1cm3q,481723023 티아라 효민님 닮음,0
@user-vj1qm8wk4z,베이비 노래연습좀 해주세요 베이비 너무 심해요,1
@user-yy7ru7ps3g,생각해보면 아일릿이 뭔 잘못이겠냐  어른들이 문제지 ㅅ  청소년 친구들도 있는데 10대 때부터 인생 욕 최다로 듣지 않을까,0
@user-ht7tx3jv3u,귀척이 너무 거북하다,1
@Mia.Suzuki,39,0
@hanbin993,사이비가 만든 아이돌인데 얘네도 사이비겠지,1
@user-gg8qb5ht2l,아릿일   언니 성은 만음 속있어요,0
@user-gg8qb5ht2l,이릿일 언니 큐큐큐 성은 만음속있어요,0
@user-gg8qb5ht2l,아일릿 큐큐큐 노래언니 성은 만음속있어요,0
@jeongringoDIY,노래는 진짜 좋네요,0
@solcorin,이정도면 업그레이드 버전이지 무슨 따라만든 그룹 타령 ㅋㅋㅋㅋㅋㅋㅋㅋㅋ애플에서 아이폰1만들고 아이폰2 내놨다고 아이폰2를 짝퉁이라고하니 업그레이드라고 하지,1
@user-ec7rq8ir3f,이게 아일릿 노래였구나 어딜가나 이노래가 나오길레 ㅎㅎ,0
@user-wl6vv4qd7n,이쁘긴한데 노래하는꼬라지는초등생수준도 안되니,1
@user-xb2ru8zs3p,단그네틱,1
@qkqh8041,뉴진스랑 똑같네 완전긴생머리부터 노래까지,1
@user-zn2ji2re1f,와꾸 넘사다,1
@user-st4he1vj2x,원희 좋다,0
@user-cy3mt7bx7q,김풍 마그네틱 보고왔읍니다,0
@user-vq8mh1tx5t,바보로 만들면 안건들겠지 뱀분들 빼고,0
@pinkspider9464,원희한테 눈이 자꾸 계속 간다 신기해 ㅎㅎ,0
@jinwhanShin,뉴진스 안무 표절을 떠나서 얘네한테 나쁜말하고싶진않음 어른들 욕심때문에 비난하기에는 얘네도 막상 무대보니 끼가 보이는 애들이라,0
@ssakssak8198,춤 진짜 ㅈㄴ 기괴하네 ㅋㅋㅋ 저게 좋다고,1
@ppaa507,좋기만 하고만,0
@castle_crab,이로하 미치겠다 칸예 이후에 이렇게 찾아보는 연예인이 있었나,0
@user-gb2kg9fh1b,민희진 덕에 아일릿에 빠져버림원희 너무조타,0
@TV-ht5ex,카피카피 모두다,1
@user-hf7su,귀여워,0
@user-xg5gi7su7u,별로 안심란데 컨셉,0
@baborobos,같은 회사에서 상도덕 무시하고 뉴진스 컨셉으로 똑같이 만들었다고 비난하길래 억까인가 싶었는데 보니까 뭐 ㅋㅋㅋㅋㅋㅋ 화낼만 하네 ㅋㅋㅋ 사실 같은 회사니까 음악도 비슷하고 코디도 비슷하고 그런다는 생각이 들었지만 자꾸 뉴진스 겹쳐 보이네 ㅋㅋㅋㅋ 심하긴 하다 ㅋㅋㅋㅋ 하튼 애들 참 이쁘네요 안타깝네,1
@user-gr5bi5hs1f,가사 누가 씀 ㄹㅇ 2024년에 들은 노래중에서 제일 ㅈ같음이 부분 들으면 손발이 오그라들다 못해서 없어짐,1
@user-cp5or2rb4f,민주너무 예뻐,0
@user-gu2dd4xo3r,의상도 노래도 춤도 넘 이뻐요,0
@user-gu2dd4xo3r,100번 들어도 좋음,0
@wms680,어디가 뉴진스인지 모르겠네느낌이 다른데,0
@Horror1Time,아주머니 한분이 계십니다,1
@user-dw6qx2zn2g,솔직히 ㅎㅎ 노래정말좋다,0
@Toymarket8,애들 불쌍하다 에햐 뭔잘못이있겠냐,1
@user-ne6wd6hi2y,뉴진스는 고딩느낌이고 아일릿은  중딩 인 것 같아요처음에는 같아도 지금은 몽환느낌이라서 좋은 것 같아요상처 안 받았으면 좋겠네요,0
@user-qg9xo6hy4g,에구 오덕 취향,1
@rain._.lllllll,귀엽당  동생이었음 좋겠당,0
@zxlili,개이브에서 도망쳐라 제발,1
@price345,빠가 까를 만들고 까가 빠를 만든다,1
@i_know_im_loser,뉴진스랑 비슷한 안무만 좀 바꾸면되지 묻어버리기에는 아깝다 아이브를 제일좋아하는데 민주 원희 예뻐서 계속 보게됨,0
@sweetday4774,슈퍼이끌림 들을때마다 어처구니가 없긴한데 그래도 귀엽고 매력적이네,0
@user-wv4fd3dc8w,진짜 귀엽다,0
@user-wf6wz1sp3t,방시혁 창피한 줄 알길 카피걸이 왠말이야 감떨어졌구나 그래서 르세라핌 노래도 뉴진스 느낌나는구나,1
@youngforeverguilfordstella8726,애매하다,1
@user-bo2tl3tg1l,와 얼굴가리면 뉴진스인줄 알겠다,1
@user-zs4fg2ti6e,민희진 고맙다 관심 없었는데 덕분에 아일릿을 알게됐다,1
@user-bo6cj2cl7o,애꿎은 너거만 고생이 많겠구나,1
@kyle.lee.7575,뉴진스 너무 비슷함,1
@user-rc8hn2sq8k,아니 이게 어딜봐서 뉴진스 카피임,1
@user-zk1mh2ei1t,민주는 하늘에서 내려온 천사임,0
@jokerlhs1,와,0
@user-nh8ss7qb4j,잘 배꼈네 클라스가 달게 배꼈쿠만ㅋㅋㅋㅋ 뉴 스 후속느낌이든 이유는 나만일까뉴진스장원영파 느낌남ㅎㅎ,1
@oooo-pollloooo,뉴진스 짝퉁 맞네  컨셉도 스타일도 노래도 ㅋㅋㅋㅋㅋㅋㅋㅋ 뭘 아니라고 씨부렁대,1
@KanyeNewjeans,얘네가 뭔 잘못이 있겠냐 그냥 방시혁 욕심이지 에휴,1
@user-bd6wi1ev3v,짭진스,1
@danielkang8445,이건 프로듀서가 훌륭한거다,0
@user-pp8do3kg3l,개 이쁘네,0
@user-fq7ff7uw1h,엑믹스로 눈씻고 다시 봐도 뉴진스 아류네 첫인상 별루다 이 컨셉,1
@user-fq7ff7uw1h,첫인상 아무리 봐도 카피돌이다,1
@user-wc1dl1ut2s,역시 아이돌 100 성공 가도는미리 공개적인 경연대회 열어서미리 무적의 열혈팬을 확보하고 데뷔시켜야함,1
@sssssplususer,죄송한데 얘네한테 이성적인 감정을 느끼면 잠재적 범죄자입니다,0
@user-jm2xs3qx6k,묘하게 끌리네,0
@user-xk9fr5zp2y,남돌 여돌 통틀어 역대 데뷔곡 최다 음방 1위,0
@coingoblin,상콤하다,0
@qsefth4619,노래는 못하지만 귀엽게 춤 잘춘다,1
@71JohnLee,이것들은 초딩용도 아니고 미취학아동용인가,1
@user-jb7yl9se7q,아일릿에 긁히는 애들 많은가보네ㅋㅋㅋㅋㅋ 누가 그렇게 긁혔나ㅋㅋ,1
@user-wj6ye8no2g,썸넬 하니인줄,0
@XRP-10dollar,다 이쁘네,0
@jin-jc3yn,립싱크 작작해라,1
@JJABU_,방시혁 오덕 감성의 끝은 아일릿이 아닐까 싶다,1
@user-dp3is6wr1e,현아 꼭 푸르지오 해줘 어 갈게 네,0
@user-xc9om1rb6l,표정 ㅋㅋㅋㅋㅋㅋㅋㅋ후,1
@lunatic0820,민주야 솔로가자,1
@I-love-Chocopie,외모 구멍이 없다,0
@gutayuvalza,뉴진스 짭,1
@user-dp3is6wr1e,조민지님 안아프세요 네,0
@user-dp3is6wr1e,현이 득남 ㅎㅎㅎ,0
@brabbit8101,뉴진스 스타일 러블리즈 같네,1
@user-dp3is6wr1e,현이 ㅊㅊ,0
@user-kh2pg4uw4e,역대급 곡임 나 치얼업 들었을때 딱 그 느낌임 가사 의상 댄스 빠지는 게 없는 곡임,0
@ethan-L,민희진 심정 알 것 같아안무 메이컵 등 왜 파이 크게 못 놔두는건지 설명 좀,1
@user-mp7lk5sh5t,다들 이쁘다는소리밖에업네노래잘한다는댓글이 하나도없노,1
@dongtaenom,민주 개이쁘다,0
@Suu_v,애들 앞머리 빨리 돌려내라,0
@BlG_EGG,애들 다 왤케 사랑스러워,0
@user-qe1ql5vf7w,너무 이쁘다,0
@user-xg8bd4bh7o,모카 앞머리없는거 너무 이쁜데 유아틱한 옷입히지말고 저런 청순한옷 입히라고,0
@user-dp3is6wr1e,현이 고기대신 버거이상하게 줌ㅎㅎㅎ ㅎㅎㅎ,0
@user-dp3is6wr1e,현이 해요 스파오에요 그레요,0
@user-li5ig5kc4d,앵콜 라이브하고 차이가,1
@user-dp3is6wr1e,현이 민주,0
@user-dp3is6wr1e,현이 민주에욮욮,0
@user-dp3is6wr1e,민주,0
@duyeon5220,라이브보고 깜짝 놀랬다 노래는 그냥 음향 엔지니어 작품,1
@user-uc1qq3lf2v,모카진짜 존나이쁘다,0
@user-xk1fx7if9m,와글 이쁘노 그만 이뻐봐 이원희,0
@user-bw7cp8oj3q,딩고라이브에 나가서 라이브 보여주세요,1
@Fu1ckLoopybbobbo,모카 이쁘다,0
@user-de2bk8cl5n,이로하 개이뻐,0
@user-db5tg2dt4s,노래실력부터  키워라,1
@zxlili,민주 예쁘다,0
@Happy77_77,혹시 썸네일 무슨 멤버인가요 아무리 봐도 헷갈려요,0
@Mr.Diamond5007,방시혁이 평소에 어떤배우 보는지 확실히 알겠네,1
@yyoo00,민주의 썸네일에 이끌려왔다,0
@katie-ty6kv,진짜 너무 이뻥  원희 왜케 이뿌니,0
@SsuperDive,현재 아이돌들 노래못한다고 욕먹고있는 상황인데 어쩌냐 외모보고 뽑는건데,1
@user-xv5vg7r323easd,하이브 여돌 기술의 집약판 같음,1
@strike0237,원희,0
@strike0237,아일릿 안무 ㅈ 같노,1
@user-pp8do3kg3l,정말 안구정화 된다,0
@ONEPIECE_fanjp,481751051  폼포스퐁 폼포스퐁 폼포스퐁 포코,0
@hjk_8668,뉴진스 동생그룹이에요 이미지가 똑닮았네,1
@robin4516,윤아 왤케 이뻐완전 천사야 천사윤아 짱,0
@kilik1981,다 예쁘다,0
@CrushOnKiss,예쁜거 다 시켜주는 얼굴케이팝,1
@user-be5vf7je9r,노래가 계속 귀에 맴돈다듣다보니 좋은 것 같기도,0
@jiseung25,노래를 못 하면 시키지말자 서로 편하지 않냐 듣는 사람이나 부르는 사람이나 서로 힘들자나,1
@user-kh3zy8tq8r,뉴진스 코디답게 피드백이아주좋음 깔끔한 선이 가장잘어울린다,1
@user-bo3vk4yj2i,예쁘긴해,0
@user-il9rz9ke6z,오늘부로 아일릿에 대한 마음을 접습니다또 한 번 더 접습니다 뒤로펴서 아이스크림 접기를 합니다 또 접습니다 맞지막으로 돌려서 피면 하트 완성,0
@user-vx8vr4hl6l,어글애 원희형이야,1
@user-vx1kz2wb2l,대놓고 뉴진스 따라만든 그룹 ㅋㅋㅋㅋ 돈이되니 어쩔수 없는듯  뉴진스 짭퉁,1
@user-kb6kn6nm6g,진짜 뉴진스같네신기하다,1
@Love_illit,썸넬 민주 보고 달려왔다,0
@withheather,믿고보는 솔연님 교차편집 색보정 아일릿이랑 찰떡이고 너무 예뻐요,0
@ericksarmiento9331,39   39,0
@user-dy6tq8qu4z,코디 좀 청순해지니까 윤아가 진짜 너무너무 예쁘다 키 크고 성숙해서 청순 컨셉은 진짜 잘 어울리는 듯,0
@Dhakmlh,39,0
@user-ts9rs5lb4t,좀만 유아틱 덜한 옷 입으니까 윤아 훨씬 눈에 잘 보인다 너무 예쁨,0
@user-cd1bd5tb4z,완전 솜사탕 나라의 애기공주님덜 재질,0
@user-xg9ci4bm2y,아일릿에서 누가 제일 인기 많아요,0
@Trimage_,대 민 주,0
@user-hu6mt4zt5p,모아 보니 더 은혜롭다 지치지도 않고 이쁨,0
